联想(Lenovo)头戴式耳机电脑耳麦有线USB 7.1声道立体声网课学习办公游戏RGB发光 thinkplus G20,¥66.00,,10+评价,派思德3C配件专营店,,http://imgservice.suning.cn/uimg1/b2c/image/7FTahRupdWDOUz2e3NrBIQ.jpg_400w_400h_4e,https://th.suning.com/calCpcClicks?adtype=1&tid=HT_40079664_100000006_12407095590_20241120&cmdCode=12407095590&companyCode=70973128&s=&k=GUWJJuEKh%2bU%2bjx8%2fwrFD3oy9U2H4M3eDuPBPq8rU1UCm1L2p1sD71WjvhIbEHm4OD5bYt%2b5mKBUYZfcSQ2LOAFIqxMjAor7uzkMeUfllnjoZaEgpTC8GKT75XLgpmyQ%2b%2bJbwqAidNM54SCiGeIn8Gl6S4OVHspc58DYsNuRyQ4ZsWfhvXyAPgQs2mFfNFzlP%2fOoe2yo18x4H1ix5pSevwIUKNKZtfEQ57Y%2fv5IiHcuLJs90MfvxmF0lwybzTQ79D9hTfGgDhfWSbvG6UvKioV62lkpDRgB7C33Zec%2fj9b1FGnbELE61rc2ZCTXuoOkdgiqwteiMFyg%2b%2fwJVbyo1EgkPfpAUdyKI64zeZ3jNpXSFdDHSBY9rCVmVxzflmUe0E%2bKfTdwyNkO5da3RT1Nns%2brrnspUlv75IASlFlhjAxYIszVnYnk8stPfip8Gj2VP5kys39qUAUlWHpAfc8bpvI8GiQJpW6D1qKO0dl5T4L2L5ykYPvbOjsx7WYq4fQagWpGRzI6sCc3bKoXs1ZsHD1omG0imEU3DPURZSH2tisskWN0OSa7mT0QckEJTR4XotfEwD71M4WIzxuR0IWC6znTZkKc37%2bph0JnTcQVIhEIr5FmV5tlKV8floOtv8y7plplxrsBNJRySpRfN1olD5Zw%3d%3d&clickUrl=http%3a%2f%2fproduct.suning.com%2f0070973128%2f12407095590.html&click_id=2pGnVj10mbvmBSrA10000E7shQyU22fD6Iiobl7HZ
华为/HUAWEI FreeBuds 6i 天际白 真无线蓝牙降噪耳机 旗舰级降噪深度 智慧动态降噪3.0 低音澎湃旗舰级降噪深度 智慧动态降噪3.0 低音澎湃,¥449.00,,200+评价,苏宁自营,"新品, ,大聚惠, ,以旧换新, ,3期免息, ,领券400-30",http://imgservice3.suning.cn/uimg1/b2c/image/xCZsCvXDV2VQ07Juzbu0Tw.jpg_400w_400h_4e,http://product.suning.com/0000000000/12434469831.html
华为/HUAWEI FreeClip 耳夹耳机 开放式不入耳无线蓝牙耳机 稳固舒适佩戴 8小时连续播放 星空黑舒适稳固佩戴 | 开放式近耳聆听 | 8小时连续播放,¥1129.00,,1.4万+评价,苏宁自营,"大聚惠, ,以旧换新, ,6期免息, ,领券800-50",http://imgservice1.suning.cn/uimg1/b2c/image/0JAly36jT6HDwDsBV97tBQ.jpg_400w_400h_4e,http://product.suning.com/0000000000/12425621112.html
华为/HUAWEI FreeBuds 6i 流光紫 真无线蓝牙降噪耳机 旗舰级降噪深度 智慧动态降噪3.0 低音澎湃真无线蓝牙降噪耳机；旗舰级别降噪深度 ；智慧动态降噪3.0 低音澎湃,¥449.00,,200+评价,苏宁自营,"新品, ,大聚惠, ,以旧换新, ,3期免息, ,领券400-30",http://imgservice3.suning.cn/uimg1/b2c/image/RdQb2EyPVJzvqhRGiBpBTA.jpg_400w_400h_4e,http://product.suning.com/0000000000/12434469833.html
华为(HUAWEI)FreeBuds 5i真无线耳机蓝牙 多模式主动降噪 入耳式 音乐听歌手机通话 游戏低延迟 超长待机,¥348.00,,400+评价,荣耀派思德数码专营店,"以旧换新, ",http://imgservice.suning.cn/uimg1/b2c/image/RR20cLzQmZ3ccKoEXxDhFw.jpg_400w_400h_4e,https://th.suning.com/calCpcClicks?adtype=1&tid=HT_40080000_100000006_12300429624_20241120&cmdCode=12300429624&companyCode=70163444&s=&k=GUWJJuEKh%2bU%2bjx8%2fwrFD3oy9U2H4M3eDuPBPq8rU1UD%2fcBlONwpyAHoqogBNmeuKuYtMomxJc2wN1q%2fo53TqlSRwPyYoJwfxMNNI1Ki7VammmjhMFkpKKnjC3ymztoMlE%2bkRBnj%2fDi9ClYs3Yj7lln8JO1w37BHPpe2oKTpC4TrLm3RRjUflL1mBhStasIz71F2FdQZCe47xft4oYtVcvE5TN8r4NQn3EJV%2bd8yaKXIhYE83wU4xGri9kZQSFa%2bAndAeudlsjlhHbrhJPbQR5%2fECOIc%2bf25foP39MYiQHtI8Is%2fqdz6v%2bGClUvx%2fwgXD%2f1FAQJtmvK30xJ6jY0dyVP6p4F%2fE7S4RwJkRPdZL3ul5hEkosIlGfGX0sHXS%2bCV1CnAa5EGI8hw6AjpIdwDp%2f5uQUagBE0PaP1BsVRRm5S3gIykGbIoW7koOl2fgZuwYLHBT36UHwG5W8QKn4HLyAc1%2b33prI%2bdLESTQIWQ2JE7V75iiuaFz0OEo8Tx9yuESFTsw0mg4LE5%2fkDwuaRrkF80ZvqgHQG1mFXrcxRO8GorPVrjD6JlHZUuXQPDf5Pn%2by0uUI%2f27pSWqn0kH4SY17YW2k2psE%2bXiYUoV2cK9lTiubdIGUv5jGCZtNm4ivvavwP8UdtBTMcR8hhCoT9iP1Q%3d%3d&clickUrl=http%3a%2f%2fproduct.suning.com%2f0070163444%2f12300429624.html&click_id=2pGnVj10mbvmBzJL10000iapml8XruRJnKnd5u8HZ
华为/HUAWEI FreeBuds SE 2 陶瓷白 真无线蓝牙运动耳机 半入耳式 40小时长续航 适用苹果安卓手机充电10分钟，可连听3小时音乐；轻盈小巧；搭载全新蓝牙技术5.3协议；IP54级防尘抗水溅,¥129.00,,1.4万+评价,苏宁自营,以旧换新,http://imgservice5.suning.cn/uimg1/b2c/image/Mpi_JWy2N8TNIGhTYjfiJg.jpg_400w_400h_4e,http://product.suning.com/0000000000/12414910576.html
华为/HUAWEI FreeBuds Pro 3 冰霜银 真无线耳机蓝牙运动耳机 入耳式 离线查找 适用Mate60静谧通话2.0，智慧动态降噪3.0；高清空间音频2.0OS 4；智慧新体验离线查找；,¥899.10到手价,,1.4万+评价,苏宁自营," ,大聚惠, ,以旧换新, ,6期免息, ,领券800-50",http://imgservice4.suning.cn/uimg1/b2c/image/0AtISQEr_o-TPrue6xtUbg.jpg_400w_400h_4e,http://product.suning.com/0000000000/12418841320.html
华为/HUAWEI FreeBuds Pro 3 陶瓷白 真无线耳机蓝牙运动耳机 入耳式 离线查找 适用Mate60智慧动态降噪3.0级；HIFI高清空间音频2.0；HarmonyOS 4系统,¥899.10到手价,,1.4万+评价,苏宁自营," ,大聚惠, ,以旧换新, ,6期免息, ,领券800-50",http://imgservice3.suning.cn/uimg1/b2c/image/qDVKWlhGmypStqWGk4NAgg.jpg_400w_400h_4e,http://product.suning.com/0000000000/12418841272.html
惠普(hp)头戴式耳机虚拟7.1声道立体声有线电脑USB接口发光电竞游戏耳麦降噪麦克风 蓝光灯效 DHE-8001U,¥57.00,,30+评价,派思德3C配件专营店,,http://imgservice.suning.cn/uimg1/b2c/image/iiZDAOGdkp2nSGy52y9dXQ.jpg_400w_400h_4e,https://th.suning.com/calCpcClicks?adtype=1&tid=HT_40079664_100000006_12429362166_20241120&cmdCode=12429362166&companyCode=70973128&s=&k=GUWJJuEKh%2bU%2bjx8%2fwrFD3oy9U2H4M3eDuPBPq8rU1UCm1L2p1sD71WjvhIbEHm4OWHnoA67cr5%2fRn8ojWY7qzcA9VZ%2bkdndUzXA4xbt4ED2aQAR0DacX%2byONipH2ZYwIFeH20h%2fJ7SlmzOj1BhaQznxM4jqpSZ5CtkPxp8LjLDSMywFKbQynYtZ8XI4y6aoNEb6X3DGnZC9HykP7geZe8ZqMNiunWQBmLxaGFDHUxPnaYfEfhknH0so5T1zvHkTDK9se6fpk8YZkpFAzaHsu72sFog%2bVREtV08NGFNKRlh2ARNSvWkfyjDUD9Zn8ual5rmZJviYAo4SGDjQca%2bmISIFygEvvSmb1beVPHePQY3FAV3MMehaNBtYcw%2f5W5MRQRRxzQZF3aVxbbgIC0tjL8WqdS16mveej1ieRtFul5bVjMoErucTuv0sh4L84LXrDAI4Kio5F5Am0WMGBhQgdEBm5J3dSTiv3hEeP0YHVYcL2JGcHdKaJqbCIjAfVW1lXZmQXEoQEU3Q5DBgoY4FjJt%2bzY1XGQEP40tuAN3m5tjsD24hV1qbjHaViMs%2blcyCwoF8HQLpc5f1WyyUTZIqU2bM3TYgT4SddZAwn75i3ucyi0MVpPcPzAjUjuWZEVbB%2fBIiApEl4Hsc7PgwUmOzR%2bA%3d%3d&clickUrl=http%3a%2f%2fproduct.suning.com%2f0070973128%2f12429362166.html&click_id=2pGnVj10mbvmBKBA10000k9rssWmECfD6Iiobl7HZ
拜雅(beyerdynamic)弗里奥200 无线蓝牙不入耳开放式 耳挂式OWS耳机 VERIO 200 运动跑步黑色不入耳开放式,¥1783.80到手价,,0评价,苏宁自营," ,以旧换新",http://imgservice1.suning.cn/uimg1/b2c/atmosphere/9GYlmkemqZzeAkWc9BvlGQ.png_400w_400h_4e,http://product.suning.com/0000000000/12434485112.html
索尼(SONY) WH-1000XM5 头戴式无线蓝牙降噪耳机 铂金银色 AI智能降噪XM4升级版AI降噪，Hi-Res高解析度音质，深度神经网络技术，双芯驱动快速充电 全国联保,¥2149.00,,10+评价,苏宁自营,以旧换新,http://imgservice3.suning.cn/uimg1/b2c/image/mIkc9Yb-lO_f_Y-pRLTXdg.jpg_400w_400h_4e,http://product.suning.com/0000000000/12423397628.html
华为/HUAWEI FreeBuds SE 2 曜石黑 真无线蓝牙运动耳机 半入耳式 40小时长续航 适用苹果安卓手机充电10分钟，可连听3小时音乐；轻盈小巧；搭载全新蓝牙技术5.3协议；IP54级防尘抗水溅,¥129.00,,1.4万+评价,苏宁自营,以旧换新,http://imgservice1.suning.cn/uimg1/b2c/image/cpXrcpXPrC8BWas205hKnw.jpg_400w_400h_4e,http://product.suning.com/0000000000/12432824776.html
华为(HUAWEI)手机耳机有线TypeC接口 降噪 半入耳式 带麦克风 三键线控 Hi-Res高解析音频认证 CM33,¥63.00,,100+评价,荣耀派思德数码专营店,,http://imgservice.suning.cn/uimg1/b2c/image/wO9IuN_QBwop_VSDcogT3A.jpg_200w_200h_4e_374w_374h_4e_400w_400h_4e,https://th.suning.com/calCpcClicks?adtype=1&tid=106948753410000000620241120&cmdCode=12279744945&companyCode=70163444&s=&k=GUWJJuEKh%2bU%2bjx8%2fwrFD3oy9U2H4M3eDuPBPq8rU1UCPQ%2fnEHXjNf4BhaKM9LqEBz4I26%2bRkDWaNlLj8hRsWGOoe6zdsGf18lMqMo5IujXsFUcXvwhU8IgOCv%2buO1bB00tdyrbh1rNx0bcXsGpcbk6lA8ivztr19AQ29mg4o7DhJzzJfW%2bKlITEBO9T4IImZ7ciVxPVY%2ba8JpJzD%2bFxc8ufT3wBZ53YqQJ9ub94g%2fqzlNTqaebPoRf0YpIwHEpw6NXzaJVwN%2fnQ%2beE7Plw0CqRpGwakf5%2bQVxk0XqJYzK%2fiUmiBs%2bZwwS0%2fP3nQbIU538LXB8jxgQzCGFyTbfzIwQUW7hAx2vXSNaOZ8uPvwxfZ5oDT5f7q1PQ1k5ITpgzKRM4IUFZ%2fe4lGGI4PUg2UHDCxslwgwuNjJIJTBeAtZUAen46qzMgzVr7D3xhBXzLr0SkxRxKjay19e9Vxh8WvaJil3d4VT1yMnJm0eCls8nEyA4E4VKXMjourXXrn2k23uAy1fze1QD%2frWhx5InEX6kXdB9ZmzKZRwV4DiCreYXKGPvTNIYjN394ZDHkZ7jH6HQd9898x6nMzFLlXC6EpjWQ4OqVQPUQA6uv4YfdMnPZdaj%2fT5%2bziXyTiSE7dkIL5rRiqTjE3FhJKBYIhrQAa81g%3d%3d&clickUrl=http%3a%2f%2fproduct.suning.com%2f0070163444%2f12279744945.html&click_id=2pGnVj10mbvmBkbM1000000000k38X2YS6uFlNfc8
华为/HUAWEI FreeBuds SE 2 海岛蓝 真无线蓝牙运动耳机 半入耳式 40小时长续航 适用苹果安卓手机充电10分钟，可连听3小时音乐；轻盈小巧；搭载全新蓝牙技术5.3协议；IP54级防尘抗水溅,¥129.00,,1.4万+评价,苏宁自营,以旧换新,http://imgservice3.suning.cn/uimg1/b2c/image/lNWWfGPV7ZRaIGyTC5KZ6g.jpg_400w_400h_4e,http://product.suning.com/0000000000/12418323126.html
EDIFIER/漫步者 X5 PRO 主动降噪蓝牙耳机无线入耳式运动新款男女通用似lollipro2 黛蓝色26h复合续航、ANC主动降噪、Al通话降噪、0.08S游戏低延迟、4种EQ模式可切换,¥169.00,,900+评价,苏选自营,"苏宁服务, ,以旧换新",http://imgservice3.suning.cn/uimg1/b2c/image/RCJbhcF7GqXMJcT0z5utqA.jpg_400w_400h_4e,http://product.suning.com/0010330275/12432983355.html
EDIFIER/漫步者 X2真无线蓝牙耳机降噪运动半入耳式游戏2021年新款超长续航适用华为苹果小米 白色 白色单双耳自由切换、28小时长续航、13mm大尺寸单体、低延游戏模式、轻量半入耳式设计,¥99.00,,100+评价,苏选自营,,http://imgservice4.suning.cn/uimg1/b2c/image/Ybia2ba8nsKVRcdmaeGszg.jpg_400w_400h_4e,http://product.suning.com/0010330275/12353681554.html
华为(HUAWEI)真无线蓝牙耳机FreeBuds4E 2024版 冰霜银 半开放入耳式主动降噪 充电盒快充 双设备连接,¥425.00,,400+评价,荣耀派思德数码专营店,"以旧换新, ",http://imgservice.suning.cn/uimg1/b2c/image/XvzOcMY2y57ej8GrBm8LMQ.jpg_400w_400h_4e,https://th.suning.com/calCpcClicks?adtype=1&tid=HT_40080000_100000006_12366393666_20241120&cmdCode=12366393666&companyCode=70163444&s=&k=GUWJJuEKh%2bU%2bjx8%2fwrFD3oy9U2H4M3eDuPBPq8rU1UD%2fcBlONwpyAHoqogBNmeuK1%2b0L8mU9dGG5KOfmu8%2fZCiy37s9f%2bmBQurLoYyfkVTpfZi8Nz8rd3mwrf9Kz9s%2bhcDyO6pc0JsYQnn7yr8VIlSeAOE8Oz9YTnpxb7yMymOGa8JdbU69ZgcqU8MF1YKt37hgyDLgaciJTvi6CpIafqX4huHx%2b4QAizw%2fz3gIRLXtl%2f%2b2ZkCiw3kWy4E210v5pUmwN%2fGxLbBTjgTvgs%2fiIw0sqK5TaqeZGa3c7diTm0mQ19evRsevlsJ%2bwg2wncCoRoma1dQLeWSCqDcPKdF08TGvCWucC%2fjkuoBPsHvzCmjiL9O7CIwT2hFz5f6xzmmpYzLYBOKNLEyWzw%2b7qNSbfGqaJHZF2ZuEi6IFN9Ikg07ULZgZ67rkD6n9nPUoepq85U1AcCIUOK6%2beOKSLqO%2burfVLizJXrP%2f9BdzwSpJJlmlK%2bkzSS%2fVHcn75DAhB0JNjmdSVK6F5WBe2lLBZfYD2T7YUiynFe%2fmyZw8tOZ0CHUDIh%2bobJIWuOmXaSHPFqqiqeHekvFpd28E%2bc4jpjrL7Ls%2ffCdFn6%2bojdcO0QoIcVdAvOzzstBkxkWBNBiMbXvanbWu%2fImT2K%2f0g%2fkuL8allMw%3d%3d&clickUrl=http%3a%2f%2fproduct.suning.com%2f0070163444%2f12366393666.html&click_id=2pGnVj10mbvmBXBL10000yseUGXe4PSJnKnd5u8HZ
韶音S803石墨黑OpenRun Air骨传导蓝牙耳机Shokz运动跑步不入耳户外跑步防水防汗骨传导蓝牙运动跑步耳机防水防汗,¥698.00,,5评价,苏宁自营,以旧换新,http://imgservice1.suning.cn/uimg1/b2c/image/y1hjFeAJ1RsxtHTG_a-eXQ.jpg_400w_400h_4e,http://product.suning.com/0000000000/12433584788.html
索爱(soaiy) GD31蓝牙耳机无线挂耳式气骨传导开放不入耳跑步运动听歌音乐新款蓝牙5.4，超强续航,¥98.10,,0评价,爱立顺数码专营店,"以旧换新, ",http://imgservice2.suning.cn/uimg1/b2c/image/kWJkAINA_yUis5cXkg8Sqg.jpg_400w_400h_4e,http://product.suning.com/0070066320/12434448010.html
华为(HUAWEI)FreeBuds5i真无线蓝牙耳机入耳式主动降噪手机通话音乐运动跑步防风双麦克风充电盒快充长续航圆润灵动外观；Hi-Res高解析音质；多模式降噪；智慧音频连接；游戏低延迟；长续航。,¥369.00,,400+评价,荣耀派思德数码专营店,"以旧换新, ",http://uimgproxy.suning.cn/uimg1/sop/commodity/YZTSSuWLTstrXImn_rayTg.jpg_400w_400h_4e,http://product.suning.com/0070163444/12300429614.html
华为(HUAWEI)FreeBuds5i真无线蓝牙耳机入耳式主动降噪 手机通话音乐 运动跑步 双麦克风 充电盒长续航,¥358.00,,400+评价,荣耀派思德数码专营店,"以旧换新, ",http://imgservice.suning.cn/uimg1/b2c/image/2Pea0iMYWt5oPGCVKpR0Hw.jpg_400w_400h_4e,https://th.suning.com/calCpcClicks?adtype=1&tid=HT_40080000_100000006_12301144681_20241120&cmdCode=12301144681&companyCode=70163444&s=&k=GUWJJuEKh%2bU%2bjx8%2fwrFD3oy9U2H4M3eDuPBPq8rU1UD%2fcBlONwpyAHoqogBNmeuKqupU76pXD8SfWbPM%2fxItiupjx9rspvpDc0nEsZi9W95jDsAN4NBUDaahWdI6OtVZE7ilHC7Pw%2fU5ZkqtcRblSviYKejxFv9eIGXbUxA3IJFQmXErjyAciM9uEu9B7JOl6HSheUoWdYheYVIy0Dj%2fuilJPdmwONmfhNCOcw%2blWeBL340xVbxd9IeVuE2blfQaq9f478Yc0EbXgn0TYSAnX6577%2baFVtYrGvY23VmnGD%2bfXIKmhFFByLHlONmtlu0Xk2AD21V20D8IwLh4xp%2blm0TCNf131T3zFFAH4Jn5i2uKb2wQN3QdpesWEqLv6Q2Ca8rASM0cY6Y5qLoYaVRQiP0CuM3cNK1xo%2fa99mOOTDb9QEKBPmY5hs%2fkc5CFMEHnRraV%2fHSxxo%2fQngVGFNhwrdk6p5TF4KB0OXv0vA2zHi7oRTpfifMchVNr4aKaNH%2bNvqQQPSv2v4zygPkv47RApAd6HDbkEZAlryCHjqogmsKzXnQ1r2K1LGAM6ykqdDjGvs7HhqizlJubRBRVWop8Efop%2fi%2bTk8JmHCKtqv6wRdfzQyAHoXGhKwLa2a42w9CxV77wG0M9rtfTTqK1T5BzZw%3d%3d&clickUrl=http%3a%2f%2fproduct.suning.com%2f0070163444%2f12301144681.html&click_id=2pGnVj10mbvmB3d410000C4tUR2qBvRJnKnd5u8HZ
华为/HUAWEI FreeBuds SE 2 香芋紫 真无线蓝牙运动耳机 半入耳式 40小时长续航 适用苹果安卓手机充电10分钟，可连听3小时音乐；轻盈小巧；搭载全新蓝牙技术5.3协议；IP54级防尘抗水溅,¥129.00,,1.4万+评价,苏宁自营,以旧换新,http://imgservice1.suning.cn/uimg1/b2c/image/4W0QggoEKoTFV0k115P2jw.jpg_400w_400h_4e,http://product.suning.com/0000000000/12432824775.html
EDIFIER/漫步者 Zero Buds真无线蓝牙耳机通话降噪便携运动游戏适用于苹果华为小米 茶白色零压佩戴技术 蓝牙5.3 漫步者调音,¥148.00,,30+评价,漫步者旗舰店,以旧换新,http://imgservice3.suning.cn/uimg1/b2c/image/zWfvK2YhFX9EP1QjdG4TJw.jpg_400w_400h_4e,http://product.suning.com/0071080679/12381843527.html
韶音(SHOKZ)OpenRun Pro 2 S820骨传导蓝牙耳机开放式耳机运动无线骨传导耳机跑步不入耳挂砂石黑骨传导蓝牙耳机,¥1168.20到手价,,,苏宁自营," ,新品, ,以旧换新",http://imgservice3.suning.cn/uimg1/b2c/atmosphere/L9SFN5LmNT7URiZ2O-OYXQ.png_400w_400h_4e,http://product.suning.com/0000000000/12435456306.html
华为(HUAWEI)真无线蓝牙耳机FreeBuds4E 2024版 陶瓷白 半开放入耳式主动降噪 充电盒快充 双设备连接,¥436.00,,400+评价,荣耀派思德数码专营店,"以旧换新, ",http://imgservice.suning.cn/uimg1/b2c/image/HYcQ8Z0G0xHnHoqrDP2wgA.jpg_400w_400h_4e,https://th.suning.com/calCpcClicks?adtype=1&tid=HT_40080000_100000006_12366392446_20241120&cmdCode=12366392446&companyCode=70163444&s=&k=GUWJJuEKh%2bU%2bjx8%2fwrFD3oy9U2H4M3eDuPBPq8rU1UD%2fcBlONwpyAHoqogBNmeuK1%2b0L8mU9dGG5KOfmu8%2fZCldGIEtlzc%2fWQ7zvDEVdTwBFnAcDrefnP%2b5DtCVrjXHvHzr8W4VI13gSKSVYrSkjWUsfY5ZwyUGtRvRPU0xi50DQGGEISEzj6LBHM7QIDKLZfqcI4xq1%2bfschifZKsLE6zOdyNBlmkQCuT3kfPspvwNdBMJeBiwJwoTM9chL4f5PH2fWRzp7nTk5feegF9yhCotgJT7gntZc%2b9N2JYAvARWmTk88MlEUY4cASf0frh4X4HvzEeejKAcRA%2fRUPQr9jSfbLUfL7QYrcY%2fCpXIhWTzJgLFwCG2xVHCwq9xHFXDfVxRTljWOjUZpufLZ0QeGmbR1twyN4GS86OFKsQPNV6jW%2bX%2fK3qxJF5g1%2fpJGPCNtAEEc6ixCVYlab6lXChUE5fBIvh1t7G7db8aWfIAvXjm046rIMX9QQKkkwf5r1zFuG%2bsSTCuGMRyQbZaQzH6E3h%2bZrmitnQRHK6ql2u0PSfiNLSxV6D6nNWEzq5ML1DKVcQX4uwm3Fq7iDADhplwY7OokrE1j5bbZMSJhq5KOGtkvXfY7T8gSLYKotA%2bhKZ9HroUJtwPHF1dUJQNXQO3Agg%3d%3d&clickUrl=http%3a%2f%2fproduct.suning.com%2f0070163444%2f12366392446.html&click_id=2pGnVj10mbvmB2dK10000Uj536Oc4PSJnKnd5u8HZ
科大讯飞(iFLYTEK)同声传译耳机Pro2 幻影银 桌面办公套装 面对面翻译会议耳机无线蓝牙耳机 入耳式 录音转文字面对面翻译 同声传译 通话\会议录音 免费同步转文字 支持方言 准确率高达98%,¥1359.00,,30+评价,苏宁自营,以旧换新,http://imgservice5.suning.cn/uimg1/b2c/image/CuWINC0c31OH0pRY2YZBWQ.jpg_400w_400h_4e,http://product.suning.com/0000000000/12433870822.html
飞利浦(PHILIPS)骨传导概念真无线 蓝牙耳机 开放式挂耳式耳夹式高端运动通话降噪TAT2719-白运动耳机苹果安卓通,¥179.00,,,苏宁自营,"新品, ,以旧换新",http://imgservice4.suning.cn/uimg1/b2c/atmosphere/N-nQdMW9KcjhkXrbaCnymQ.png_400w_400h_4e,http://product.suning.com/0000000000/12435399852.html
JBL Soundgear sense音悦圈开放式真无线蓝牙耳机骨传导升级空气传导运动跑步挂耳式苹果安卓通用黑色耳机放式真无线蓝牙耳机,¥749.00,,2评价,苏宁自营,以旧换新,http://imgservice4.suning.cn/uimg1/b2c/atmosphere/l4EPasT_-1e_IZAoto8KYQ.png_400w_400h_4e,http://product.suning.com/0000000000/12432501356.html
华为(HUAWEI)手机耳机有线typec接口 降噪 半入耳式 带麦克风 三键线控 Hi-Res高解析音频认证 CM33,¥63.00,,100+评价,荣耀派思德数码专营店,,http://imgservice.suning.cn/uimg1/b2c/image/2XMwYV59mEWg5ZWii7nZlw.jpg_200w_200h_4e_374w_374h_4e_400w_400h_4e,https://th.suning.com/calCpcClicks?adtype=1&tid=107667641010000000620241120&cmdCode=12279832256&companyCode=70163444&s=&k=GUWJJuEKh%2bU%2bjx8%2fwrFD3oy9U2H4M3eDuPBPq8rU1UDTWVmipFcXAxBZduml5IJ1BW0w42WO4sYZV%2bsBfc89eAmLOjeh%2ffctLQ8gt%2bGqROFuRUWVy%2bEWCSlBJKWlLt46yrIt%2bM%2foLAfYgZ1UWw7XlusQYnk6Cp6AhyhDlmAc1eHnN1WrAdHlkiDTRJolzCR3K%2fFqnpvBL%2bXvrcJBcVCNXdNFT%2be5kLrqxaAYaAgUoePhI7FXyCtASJYdrNQO6Q9XK7ip21J8lyuAaTzAZvd19Em5RW9RnBSGE78dIdXP9ZyxHn47Ulw1uTY1eZZxk5FHhWxBjE2CdhTByTPVa8yW2TLpGXaqM%2fq0y2LVpmKq3uOjLjBox5ysyBW4%2bJWQGYvMmkYxPMwIuGYb%2faTnUGIMeLeGr9Tds14RFTdIOkZugps7G7iyT0S8x8GJ1vym12DBEWWkwRerSExyvGbaRIvB9UD13a3e1d0MBm2QcImgmL4AWRkE%2b9d6h5mb23DdmdR7hXEpWseMq9%2ftTazN0a7jFC1eckBMbVQ7NTgXICWamQakQNi9tgi81HM47JtDiWxhM9aNcPAN8a88TP86I3AHJj7t%2fPGOl86EsJJE9eQNl49sbN7pBLO3FYjyAqulxNJk&clickUrl=http%3a%2f%2fproduct.suning.com%2f0070163444%2f12279832256.html&click_id=2pGnVj10mbvmB42H10000000002PkPiJwwcFoCGg8
VIPin V9商务蓝牙耳机无线耳机运动挂耳式蓝牙5.0超长待机跑步健身车载通用苹果安卓小米华为手机平板 黑色超长待机 无线运动 车载商务 一机二用 左右佩戴 超轻材质 低音重炮 来电报号,¥28.90,,8200+评价,VIPIN数码旗舰店,"以旧换新, ,领券30-10, ",http://imgservice1.suning.cn/uimg1/b2c/image/yy3V8-dEzNP7IiQyZQUetw.jpg_400w_400h_4e,http://product.suning.com/0070068943/683555174.html
华为(HUAWEI)真无线蓝牙耳机FreeBuds4E 2024版 陶瓷白 半开放入耳式主动降噪 充电盒快充 双设备连接半开放主动降噪，高解析音质，滑动触控操作，HarmonyOS音频智慧体验，空气感舒适佩戴。,¥436.00,,400+评价,荣耀派思德数码专营店,"以旧换新, ",http://uimgproxy.suning.cn/uimg1/sop/commodity/t2vKMnz0dpjCvIzMZVTjHg.jpg_400w_400h_4e,http://product.suning.com/0070163444/12366392446.html
飞利浦(PHILIPS)蓝牙耳机骨传导概念真无线挂耳式开放式不入耳夹式运动跑步长续航高端降噪通用苹果华为AT2708-黑运动耳机苹果安卓通,¥119.00,,4评价,苏宁自营,以旧换新,http://imgservice5.suning.cn/uimg1/b2c/atmosphere/MwMKMVCsw3QcEXHqiiHWgQ.png_400w_400h_4e,http://product.suning.com/0000000000/12434566452.html
EDIFIER/漫步者 W830NB 头戴式主动降噪蓝牙耳机无线运动耳麦续航游戏双金标 晨曦白突破性96小时续航、剧场级空间音效、-45dB深度降噪、全新蓝牙V5.4、多种降噪模式,¥469.00,,3评价,苏选自营,"苏宁服务, ,以旧换新",http://imgservice2.suning.cn/uimg1/b2c/image/L2WFU8jJwNiEvBFi1mWZqA.jpg_400w_400h_4e,http://product.suning.com/0010330275/12433224333.html
EDIFIER/漫步者花再Air+颈挂式蓝牙通话降噪运动跑步防尘防水空气耳翼结构耳机 午夜灰空气耳翼结构专利 10mm大动圈镀钛振膜 高清音频编解码 高通蓝牙芯片 18H持久续航,¥158.00到手价,,200+评价,苏选自营,"苏宁服务, ,满100-10, ,以旧换新",http://imgservice2.suning.cn/uimg1/b2c/image/NVFhGzpx59v-pTtegVhBpQ.jpg_400w_400h_4e,http://product.suning.com/0010330275/12409437756.html
索尼(SONY) WH-CH520 舒适高效头戴式耳机 复古百搭配色 舒适轻巧 黑色复古百搭配色/ 8种预设音效 / 约50小时长效续航 / 通话降噪 / 多点连接 迅速配对,¥299.00,,5评价,苏宁自营,以旧换新,http://imgservice3.suning.cn/uimg1/b2c/image/nrxypuaU0t6tOUCYYpKyqg.jpg_400w_400h_4e,http://product.suning.com/0000000000/12423405742.html
联想/Lenovo蓝牙耳机 LP40升级版白色 TWS真无线游戏影音乐耳塞半入耳式 适用于苹果安卓华为小米手机LP40升级版更强大,¥69.00,,800+评价,苏宁自营,"新品, ,以旧换新",http://imgservice5.suning.cn/uimg1/b2c/image/OnmMdkazyfjbNQrV-DBRqA.jpg_400w_400h_4e,http://product.suning.com/0000000000/12355863241.html
品胜入耳式有线耳机3.5mm圆孔专用安卓手机3.5mm接口高音质线控笔记本通用k歌带麦降噪安卓3.5mm接口耳机 线控 带麦,¥25.00,,80+评价,锦际数码专营店,,http://imgservice2.suning.cn/uimg1/b2c/image/TRfyEq_nwk_ecBPrfuZZYQ.jpg_400w_400h_4e,http://product.suning.com/0070074931/12435589368.html
EDIFIER/漫步者Zero Air真无线蓝牙耳机降噪运动适用于华为苹果小米男女生新款 月白半入耳式 蓝牙5.3 低延迟 通话降噪 通话清晰,¥119.00,,30+评价,漫步者旗舰店,以旧换新,http://imgservice2.suning.cn/uimg1/b2c/image/7Mes3KfJRY0HLycJqn13Rw.jpg_400w_400h_4e,http://product.suning.com/0071080679/12429356619.html
联想/Lenovo 蓝牙耳机 SH1运动挂脖 黑色IPX5级防水汗 半入耳式耳塞 隔音降噪环绕5.0立体声苹果安卓通用运动挂脖磁吸收纳不缠绕,¥51.90,,100+评价,苏宁自营,"新品, ,以旧换新",http://imgservice4.suning.cn/uimg1/b2c/image/g7kHrOL-g0A7qHyd5XRzwg.jpg_400w_400h_4e,http://product.suning.com/0000000000/12381269960.html
小米Xiaomi胶囊耳机Pro有线运动入耳式 双动圈设计 频响曲线 声临其境自然纯净的声音体验，精心打造的频响曲线,¥59.00,,8评价,小米智能电器旗舰店,,http://imgservice4.suning.cn/uimg1/b2c/image/RddEx6KlPnecB-EZQ2TPng.jpg_400w_400h_4e,http://product.suning.com/0071294896/12389586685.html
EDIFIER/漫步者花再Zero Pro真无线入耳式主动降噪蓝牙耳机游戏zero buds升级款 烟粉色26h复合续航、环境监听模式、3种降噪模式、升级蓝牙V5.3、-43db深度降噪,¥229.00,,1500+评价,苏选自营,"苏宁服务, ,以旧换新",http://imgservice1.suning.cn/uimg1/b2c/image/YrNN1v6Zi5XObtNQmNYxHg.jpg_400w_400h_4e,http://product.suning.com/0010330275/12433194369.html
EDIFIER/漫步者Lolli3 ANC真无线蓝牙耳机半入耳主动降噪运动新款适用于华为苹果小米 云白色蓝牙V5.3、双设备连接、自适应音效补偿、Al通话降噪、自适应主动降噪、LDAC音频解码,¥379.00,,80+评价,漫步者旗舰店,以旧换新,http://imgservice1.suning.cn/uimg1/b2c/image/V-tJZICdDV-9Vw2mIpUiMg.jpg_400w_400h_4e,http://product.suning.com/0071080679/12432870964.html
索尼(SONY) WH-1000XM5 黑色 头戴式无线蓝牙降噪耳机 AI智能降噪XM4升级版AI降噪，Hi-Res高解析度音质，深度神经网络技术，双芯驱动快速充电 全国联保,¥2099.00,,10+评价,苏宁自营,以旧换新,http://imgservice1.suning.cn/uimg1/b2c/image/zz_ZQdahk5sBbyFNQ0ZBNg.jpg_400w_400h_4e,http://product.suning.com/0000000000/12423391438.html
小米(MI)小米双单元半入耳式耳机Type-C版 黑色 陶瓷喇叭还原本色音质半入耳式舒适佩戴，动圈+陶瓷喇叭双单元声学结构，高韧性线材+微机电麦克风线控，舒适佩戴,¥69.00,,2.6万+评价,苏宁自营,,http://imgservice2.suning.cn/uimg1/b2c/image/3JpSndksKqLoiKIws0zalA.jpg_400w_400h_4e,http://product.suning.com/0000000000/10953491816.html
漫步者(EDIFIER)W800BT Plus头戴式立体声蓝牙耳机 音乐耳机 手机耳机 通用苹果小米【全“芯”全意】高通蓝牙5.1，aptX音频解码，55h续航，舒适贴耳，一机双连！,¥179.00,,200+评价,弘达影音专营店,"以旧换新, ",http://imgservice2.suning.cn/uimg1/b2c/image/OcwG4oVK1UjnMK-Je0OucA.jpg_400w_400h_4e,http://product.suning.com/0071077022/11804682763.html
Edifier/漫步者 HECATE G2专业版游戏耳机头戴式 电竞吃鸡7.1英语听力学习耳机 黑色虚拟7.1环绕音、RGB炫彩灯效、多功能线控、拔插式麦克风、轻量化设计、50mm大单元,¥179.00,,1评价,苏选自营,苏宁服务,http://imgservice3.suning.cn/uimg1/b2c/image/apDb8aHCsxlrLUXYsxO69g.jpg_400w_400h_4e,http://product.suning.com/0010330275/11164923247.html
迪士尼/Disney正版TWS真无线气传导蓝牙耳机T20 白色 双耳款不入耳式更舒适开放式设计舒适佩戴持久续航不影响日常工作交流的全新佩戴体验,¥159.00,,10+评价,苏宁自营,以旧换新,http://imgservice5.suning.cn/uimg1/b2c/image/7mMmZrqLIUN8rjB7wFmmJA.jpg_400w_400h_4e,http://product.suning.com/0000000000/12398328395.html
拜雅(beyerdynamic)弗里奥200 无线蓝牙不入耳开放式 耳挂式OWS耳机 VERIO 200 运动跑步奶油白不入耳开放式,¥1879.20到手价,,0评价,苏宁自营," ,以旧换新",http://imgservice1.suning.cn/uimg1/b2c/atmosphere/Rk7nB1EDJL7Qck0pKshYxQ.png_400w_400h_4e,http://product.suning.com/0000000000/12434485114.html
索尼(SONY) WH-CH520 舒适高效头戴式耳机 复古百搭配色 点亮美拉德 白色复古百搭配色/ 8种预设音效 / 约50小时长效续航 / 通话降噪 / 多点连接 迅速配对,¥299.00,,5评价,苏宁自营,以旧换新,http://imgservice1.suning.cn/uimg1/b2c/image/wXeM7mnJYl9zTo6iJhqcqg.jpg_400w_400h_4e,http://product.suning.com/0000000000/12423405104.html
Lenovo/联想来酷EW305黑色无线高品质蓝牙耳机半入耳高端超长续航降噪音质超好男女持久续航高清音质,¥49.90,,60+评价,苏宁自营,"新品, ,以旧换新",http://imgservice2.suning.cn/uimg1/b2c/image/GQDah-3c8EpjnDChUDQQcg.jpg_400w_400h_4e,http://product.suning.com/0000000000/12400220946.html
JBL WAVE BEAM 真无线蓝牙音乐耳机 入耳式通话降噪 环境感知运动防水防尘通用苹果安卓手机 暗夜黑耳机入耳式通话降噪,¥329.00,,10+评价,苏宁自营,以旧换新,http://imgservice2.suning.cn/uimg1/b2c/atmosphere/kadQTujU5F-Lm2o_OZAQCw.png_400w_400h_4e,http://product.suning.com/0000000000/12428438316.html
EDIFIER/漫步者Zero Pro真无线蓝牙耳机主动降噪运动适用于华为苹果小米 雾白色26h复合续航、-43db深度降噪、3种降噪模式、环境监听模式、升级蓝牙V5.3,¥229.00,,30+评价,漫步者旗舰店,以旧换新,http://imgservice1.suning.cn/uimg1/b2c/image/xciHwq3UILFP2KbOUzDGVw.jpg_400w_400h_4e,http://product.suning.com/0071080679/12433127866.html
VIPin BT71双耳无线耳机运动蓝牙耳机5.0重低音跑步健身入耳式耳麦通用苹果小米华为oppo vivo蓝牙5.0 听歌8小时 震撼重低音,¥19.90,,1900+评价,VIPIN数码旗舰店,领券30-10,http://imgservice3.suning.cn/uimg1/b2c/image/f-O-UkyaqZ4dMZalEiyURQ.jpg_400w_400h_4e,http://product.suning.com/0070068943/12192817293.html
漫步者(EDIFIER)W820NB头戴式主动降噪蓝牙耳机 手机电脑笔记本耳机混合式主动降噪！,¥249.00,,200+评价,弘达影音专营店,以旧换新,http://imgservice3.suning.cn/uimg1/b2c/image/fCjfjIcnXrDJoHt_4A7b-w.jpg_400w_400h_4e,http://product.suning.com/0071077022/12408995122.html
EDIFIER/漫步者XS3入耳式蓝牙耳机无线降噪运动高音质x3air男女生款2023新 青绿色IP55防尘防水、26H超长续航、无缝主从切换、Al通话降噪、蓝牙V5.3、0.06S延迟,¥109.00,,100+评价,苏选自营,"苏宁服务, ,以旧换新",http://imgservice4.suning.cn/uimg1/b2c/image/jIvsmK5EmKSyb9NMvdTKew.jpg_400w_400h_4e,http://product.suning.com/0010330275/12433290082.html
飞利浦TAT2739蓝牙耳机跑步骑行真无线开放不入耳挂耳式超长续航大电量 黑色运动耳机苹果安卓通,¥139.00,,8评价,苏宁自营,以旧换新,http://imgservice5.suning.cn/uimg1/b2c/atmosphere/VquDmEbefn2El-hm0x44TQ.png_400w_400h_4e,http://product.suning.com/0000000000/12434566450.html
飞利浦(PHILIPS)蓝牙骨传导概念真无线挂耳式开放式不入耳夹式运动跑步长续航高端降噪通用苹果耳机TAT5739-白色骨传导概念真无线挂耳式,¥379.00,,0评价,荣翔数码专营店,"以旧换新, ,领券300-30",http://imgservice5.suning.cn/uimg1/b2c/image/kzhwKgMwLC9iLse7zVV34g.jpg_400w_400h_4e,http://product.suning.com/0070179238/12435442680.html
联想来酷EW313蓝牙耳机运动不入耳无线耳夹式超长待机2023新款联想来酷不入耳耳夹式蓝牙耳机,¥89.00,,6评价,苏宁自营,以旧换新,http://imgservice5.suning.cn/uimg1/b2c/image/DTPCPFrEpe0DTZHaOAL5vw.jpg_400w_400h_4e,http://product.suning.com/0000000000/12429637403.html
索尼(SONY) WH-1000XM5 头戴式无线蓝牙降噪耳机 深夜蓝色 AI智能降噪XM4升级版AI降噪，Hi-Res高解析度音质，深度神经网络技术，双芯驱动快速充电 全国联保,¥2149.00,,10+评价,苏宁自营,以旧换新,http://imgservice3.suning.cn/uimg1/b2c/image/igae9OKVIOW88KsHSmAw4w.jpg_400w_400h_4e,http://product.suning.com/0000000000/12423397627.html
韶音(SHOKZ)OpenSwim Pro骨传导蓝牙耳机 开放式运动无线游泳跑步骑行不入耳S710 珊瑚海骨传导蓝牙耳机,¥1168.20到手价,,3评价,苏宁自营," ,以旧换新, ,6期免息",http://imgservice1.suning.cn/uimg1/b2c/atmosphere/x_-JGXu8TE3kfsh-cWWgVQ.png_400w_400h_4e,http://product.suning.com/0000000000/12431719014.html
Lenovo/联想 TH10头戴蓝牙耳机 黑色可连电脑台式机笔记本专用手机电视通用电竞游戏带麦隔音降噪有线耳麦男款学生支持有线无线2用,¥103.90,,100+评价,苏宁自营,以旧换新,http://imgservice5.suning.cn/uimg1/b2c/image/4tqx8s5UgRq-I0h-49M67w.jpg_400w_400h_4e,http://product.suning.com/0000000000/12355863244.html
新品Bose QuietComfort无线消噪蓝牙头戴式降噪耳机明星同款-黑色明星同款2023新品,¥1619.10到手价,,1600+评价,苏宁自营," ,以旧换新",http://imgservice1.suning.cn/uimg1/b2c/image/1eT1OVvTxXL64xBkKqpiMg.jpg_400w_400h_4e,http://product.suning.com/0000000000/12422003138.html
EDIFIER/漫步者X200BT 蓝牙耳机挂脖式运动跑步颈挂真无线入耳降噪适用于华为苹果小米 幻影灰20小时长续航、0.05s游戏低延、蓝牙V5.3、Al通话降噪、支持双设备连接,¥98.00,,6评价,漫步者旗舰店,以旧换新,http://imgservice1.suning.cn/uimg1/b2c/image/7MwYOf7gMit8Eu6T6ozgWA.jpg_400w_400h_4e,http://product.suning.com/0071080679/12433125109.html
联想LP40 pro真无线蓝牙耳机高清降噪通话游戏IOS安卓手机通用2023联想高清降噪通话,¥88.00,,0评价,苏宁自营,以旧换新,http://imgservice3.suning.cn/uimg1/b2c/image/TUQd0fhmvYi5L1jrQr3z4g.jpg_400w_400h_4e,http://product.suning.com/0000000000/12430257533.html
Lenovo/联想TH10 黑色蓝牙耳机头戴式耳机无线笔记本电脑专用运动降噪耳麦超长待机游戏/学习/影音娱乐多场景适用,¥109.00,,10+评价,苏宁自营,以旧换新,http://imgservice3.suning.cn/uimg1/b2c/image/_Hcq4fzCDzH1vMxWabsx2Q.jpg_400w_400h_4e,http://product.suning.com/0000000000/12400215173.html
EDIFIER/漫步者AIR X无线蓝牙耳机半入耳式游戏运动降噪2024新款适用小米华为苹果 暮灰色Al通话降噪、专业EQ调音、游戏低延迟、28h复合续航、IP54级防尘防水、蓝牙V5.4,¥129.00,,30+评价,漫步者旗舰店,"新品, ,以旧换新",http://imgservice1.suning.cn/uimg1/b2c/image/D1vi9xyf0uuFEyqphiEVPw.jpg_400w_400h_4e,http://product.suning.com/0071080679/12434782945.html
联想/Lenovo蓝牙耳机 LP40升级版黑色 TWS真无线游戏影音乐耳塞半入耳式 适用于苹果安卓华为小米手机LP40升级版更强大,¥69.00,,800+评价,苏宁自营,"新品, ,以旧换新",http://imgservice1.suning.cn/uimg1/b2c/image/1ImYSGstK0QAQxGHOFyggQ.jpg_400w_400h_4e,http://product.suning.com/0000000000/12355863219.html
索爱(soaiy) SS-1蓝牙耳机入耳式真无线高音质降噪睡眠专用长续航久戴不痛佩戴舒适，通话降噪，蓝牙5.4,¥89.00,,,爱立顺数码专营店,"新品, ,以旧换新, ",http://imgservice4.suning.cn/uimg1/b2c/image/Beg4Zn8hMd8l6WRSAZT9OQ.jpg_400w_400h_4e,http://product.suning.com/0070066320/12436473374.html
华为(HUAWEI)FreeBuds5i真无线蓝牙耳机入耳式主动降噪 手机通话音乐 运动跑步 双麦克风 充电盒长续航圆润灵动外观；Hi-Res高解析音质；多模式降噪；智慧音频连接；游戏低延迟；长续航。,¥358.00,,400+评价,荣耀派思德数码专营店,"以旧换新, ",http://uimgproxy.suning.cn/uimg1/sop/commodity/a2mEEO3RQlqnfYjRqVODIA.jpg_400w_400h_4e,http://product.suning.com/0070163444/12301144681.html
Bang&Olufsen(B&O) Beoplay EX 全新上市 自适应主动降噪第五代真无线蓝牙耳机 无线充电无线蓝牙 主动降噪,¥2288.00,,200+评价,苏宁自营,"以旧换新, ,6期免息",http://imgservice3.suning.cn/uimg1/b2c/atmosphere/A7gzXrYTWZ10GJVaW-dfsw.png_400w_400h_4e,http://product.suning.com/0000000000/12377936382.html
EDIFIER/漫步者artbuds1国风潮蓝牙耳机白色降噪半入耳式2022年新款正品重力牛勿联名x2适用于华为苹果等重力牛勿联名款 轻量半入耳 低延迟游戏模式 28H续航 国风耳机,¥169.00,,900+评价,苏选自营,"苏宁服务, ,以旧换新",http://imgservice2.suning.cn/uimg1/b2c/image/pOKuZzuudxsL_H_dO8CcmA.jpg_400w_400h_4e,http://product.suning.com/0010330275/12381649509.html
ZNNCO Pro6蓝牙耳机适用小米蓝牙耳机真无线红米k40s/k50半入耳式12/11pro/10/Note9/8开盖即连+ 方便携带+无感延迟,¥51.90,,10+评价,苏宁自营,以旧换新,http://imgservice3.suning.cn/uimg1/b2c/image/9mG2dMuRpjoNtRS9zQqCWw.jpg_400w_400h_4e,http://product.suning.com/0000000000/12417708957.html
迪士尼/Disney正版TWS真无线气传导蓝牙耳机T20 黑色 双耳款不入耳式更舒适开放式设计舒适佩戴持久续航不影响日常工作交流的全新佩戴体验,¥159.00,,10+评价,苏宁自营,以旧换新,http://imgservice4.suning.cn/uimg1/b2c/image/C4coX-dUJnICu0vGEFJ94g.jpg_400w_400h_4e,http://product.suning.com/0000000000/12398295803.html
联想/Lenovo蓝牙耳机 LP5白色 TWS真无线游戏影音乐耳塞入耳式 适用于苹果安卓华为小米手机男女通用款流线型美学设计更高颜值更舒适的佩戴体验,¥103.90,,600+评价,苏宁自营,"新品, ,以旧换新",http://imgservice4.suning.cn/uimg1/b2c/image/Etp8wgwfbvDi-gEfMwVd7g.jpg_400w_400h_4e,http://product.suning.com/0000000000/12381269963.html
EDIFIER/漫步者H180PlusType-C版半入耳式手机通话音乐在线会议简便线控有线耳机Hi-Res金标认证Hi-Res金标 APP功能拓展 复合振膜 个性化EQ模式 高清通话 简便线控,¥69.00,,0评价,漫步者旗舰店,,http://imgservice5.suning.cn/uimg1/b2c/image/xznxgmCYuQI08ps0LJ9MQA.jpg_400w_400h_4e,http://product.suning.com/0071080679/12410430196.html
EDIFIER/漫步者 HECATE GM45真无线耳机游戏电竞吃鸡专用蓝牙耳机 适用于安卓苹果4.5+18超长续航 游戏LED 游戏双模式,¥199.00,,60+评价,漫步者旗舰店,以旧换新,http://imgservice1.suning.cn/uimg1/b2c/image/U2BCsQY_gAWuo0Kp8PHVyQ.jpg_400w_400h_4e,http://product.suning.com/0071080679/12189115914.html
联想/Lenovo 蓝牙耳机 SH1运动挂脖 蓝色IPX5级防水汗 半入耳式耳塞 隔音降噪环绕5.0立体声苹果安卓通用半入耳挂脖运动设计,¥51.90,,100+评价,苏宁自营,"新品, ,以旧换新",http://imgservice4.suning.cn/uimg1/b2c/image/nG2dTREt0GX3peUCelPkaA.jpg_400w_400h_4e,http://product.suning.com/0000000000/12381269953.html
EDIFIER/漫步者 x2无线蓝牙耳机降噪运动半入耳式游戏2021年新款超长续航适用于手机华为苹果小米 黑色 黑色主从切换 28H续航 IP54级防尘防水,¥99.00,,20+评价,苏选自营,,http://imgservice4.suning.cn/uimg1/b2c/image/HOtZzsghiBFtR5GBUBIeCg.jpg_400w_400h_4e,http://product.suning.com/0010330275/12353681558.html
EDIFIER/漫步者H180plus半入耳式手机电脑通话音乐耳机简便线控无感佩戴高性价比线控耳机通用白色 白色轻巧舒适，无感佩戴，简便线控，自如掌握，优质线材，长久陪伴,¥49.00,,10+评价,苏选自营,,http://imgservice2.suning.cn/uimg1/b2c/image/db7nmoTfcSXS60t71x69kw.png_400w_400h_4e,http://product.suning.com/0010330275/12354455395.html
B&O beoplay H95 头戴式蓝牙无线耳机 主动降噪音乐耳麦包耳式游戏耳机 Lunar Red 霓裳红 新年款动感声学 平衡掌握,¥5888.00,,8评价,苏宁自营,"以旧换新, ,6期免息",http://imgservice1.suning.cn/uimg1/b2c/atmosphere/oGd4c3ToBaPy128LvzFdyQ.png_400w_400h_4e,http://product.suning.com/0000000000/12403927294.html
韶音(SHOKZ)OpenMove 骨传导蓝牙耳机运动耳机开放式耳机 跑步骑行不入耳性价比 安卓苹果系统通神秘灰骨传导蓝牙耳机,¥595.00,,10+评价,苏宁自营,"以旧换新, ,6期免息",http://imgservice2.suning.cn/uimg1/b2c/atmosphere/OqWIIVxPRs4oINlS23tJag.png_400w_400h_4e,http://product.suning.com/0000000000/12427073389.html
真无线蓝牙耳机运动2024年新款降噪高音质入耳式大电量游戏男生士品质保证,¥53.90到手价,,10+评价,惠购百货旗舰店,"满1件打9.8折, ,以旧换新",http://imgservice1.suning.cn/uimg1/b2c/image/kSY-LUNZTOvjanLb1dPArA.jpg_400w_400h_4e,http://product.suning.com/0071573787/12429283209.html
索尼(SONY) WH-CH720N 头戴式降噪耳机无线蓝牙立体声效 白色立体声效 长效续航 快速充电 超轻设计,¥659.00,,20+评价,苏宁自营,以旧换新,http://imgservice2.suning.cn/uimg1/b2c/image/qIpnMm2eZavGihlCZvSZ4w.jpg_400w_400h_4e,http://product.suning.com/0000000000/12405007426.html
联想/Lenovo 蓝牙耳机 LP40白色 TWS真无线 游戏影音通用音乐耳塞 半入耳式 适用于苹果安卓华为小米手机半入耳式设计兼顾音质与舒适,¥71.90,,600+评价,苏宁自营,"新品, ,以旧换新",http://imgservice4.suning.cn/uimg1/b2c/image/gbTB_dy-fh-OFlBFocTzOA.jpg_400w_400h_4e,http://product.suning.com/0000000000/12381269924.html
EDIFIER/漫步者 W800BT FREE 降噪版蓝牙耳机头戴式无线运动游戏电竞高音质W820NB 云白色-44dB多场景深度降噪、新一代蓝牙V5.4、0.06S低延时游戏模式、双设备畅快稳连,¥249.00到手价,,3评价,苏选自营,"苏宁服务, ,满200-20, ,以旧换新",http://imgservice4.suning.cn/uimg1/b2c/image/xRWBaOcpZQjqPhE4gbBl4Q.jpg_400w_400h_4e,http://product.suning.com/0010330275/12433217658.html
FIIL GS Lite舒适高音质开放式无线蓝牙耳机骨传导升级空气传导运动跑步挂耳适用苹果华为小米 玄霜黑骨传导升级空气,¥279.00,,5评价,苏宁自营,以旧换新,http://imgservice3.suning.cn/uimg1/b2c/atmosphere/iybeNsbmx0JwUCo5IoUiGw.png_400w_400h_4e,http://product.suning.com/0000000000/12434493875.html
铂典G60蓝牙无线耳机入耳式降噪运动高品质游戏电竞适用华为苹果蓝牙版本：V5.2 电池容量：200mAh 充电时长：1小时 播放时长：20小时,¥79.00,,3评价,苏宁自营,以旧换新,http://imgservice3.suning.cn/uimg1/b2c/image/GiBrFL_CsZ1TEwKAfjb6qg.jpg_400w_400h_4e,http://product.suning.com/0000000000/12410045817.html
飞利浦(PHILIPS)蓝牙耳机骨传导概念真无线挂耳式开放式不入耳夹式运动跑步长续航高端降噪通用苹果华为AT2708-白运动耳机苹果安卓通,¥119.00,,4评价,苏宁自营,以旧换新,http://imgservice5.suning.cn/uimg1/b2c/atmosphere/EkUe5yqVAp7wAj0f_GoB8Q.png_400w_400h_4e,http://product.suning.com/0000000000/12434566451.html
飞利浦TAT2739蓝牙耳机跑步骑行真无线开放不入耳挂耳式超长续航大电量 白色运动耳机苹果安卓通,¥139.00,,8评价,苏宁自营,以旧换新,http://imgservice5.suning.cn/uimg1/b2c/atmosphere/sAhwGzP5-4FxNr3-3JTViw.png_400w_400h_4e,http://product.suning.com/0000000000/12434566449.html
无线耳机蓝牙2024新款运动跑步专用气骨传导挂耳式不入耳久戴不痛品质保证 经久耐用,¥34.00,,0评价,慧莉旗舰店,以旧换新,http://imgservice3.suning.cn/uimg1/b2c/image/bf3fVi2rxfXPPQxu11URoA.jpg_400w_400h_4e,http://product.suning.com/0071589700/12437714582.html
cleer任贤齐代言ARCII骨传导升级不入耳开放式夹耳智能耳机无线蓝牙耳机开车挂耳式适用苹果华为新年礼 天鹅白无线蓝牙耳机,¥999.00,,10+评价,苏宁自营,"以旧换新, ,6期免息",http://imgservice3.suning.cn/uimg1/b2c/atmosphere/v22XS9HEPL28JnElgOXY6Q.png_400w_400h_4e,http://product.suning.com/0000000000/12427035908.html
骨传导蓝牙耳机2023新款无线跑步降噪挂耳式超长待机适用苹果华为品质保证 经久耐用,¥31.00,,10+评价,慧莉智能家居旗舰店,以旧换新,http://imgservice1.suning.cn/uimg1/b2c/image/TtjRjlEaqVDtNh1eBT1NEg.jpg_400w_400h_4e,http://product.suning.com/0071590521/12432919335.html
EDIFIER/漫步者 W200BT FREE无线蓝牙耳机颈挂脖式运动降噪入耳运动男女 白色高通蓝牙5.1芯片，13小时续航，动感低频，磁吸收纳，第8代降噪，IP54级防水,¥119.00,,6评价,漫步者旗舰店,以旧换新,http://imgservice4.suning.cn/uimg1/b2c/image/XCWCaDk7C3cnv4Vld7isBQ.jpg_400w_400h_4e,http://product.suning.com/0071080679/12395307574.html
小米Redmi Buds 4 青春版 子夜黑 真无线蓝牙耳机半入耳通话降噪20H长续航半入耳设计 ｜ 12mm 动圈单元｜20H长续航,¥139.00,,10+评价,苏选自营,"苏宁服务, ,以旧换新",http://imgservice4.suning.cn/uimg1/b2c/image/rYCMo7uv7B8YW0GSDodAwQ.jpg_400w_400h_4e,http://product.suning.com/0010333972/12406840199.html
JBL T770NC无线蓝牙降噪耳机 头戴式主动降噪游戏耳机 70小时续航暗夜黑头戴式主动降噪,¥496.00,,5评价,苏宁自营,"以旧换新, ,6期免息",http://imgservice1.suning.cn/uimg1/b2c/atmosphere/ct4gE6qi1TE2u9-zeRAh5Q.png_400w_400h_4e,http://product.suning.com/0000000000/12426054759.html
EDIFIER/漫步者花再EVO Air真无线蓝牙耳机降噪通话半入耳运动舒适不痛耳2024新款适用于华为苹果小米 贝母白全新蓝牙5.4、IP54级防尘防水、EQ个性音效、智能通话降噪、闪电快充、32小时长续航,¥159.00到手价,,10+评价,苏选自营,"苏宁服务, ,满100-10, ,以旧换新",http://imgservice1.suning.cn/uimg1/b2c/image/OKJINzedFnqascrpIc25Eg.jpg_400w_400h_4e,http://product.suning.com/0010330275/12433461858.html
EDIFIER/漫步者Zero Pro真无线蓝牙耳机主动降噪运动适用于华为苹果小米 暮灰色26h复合续航、-43db深度降噪、3种降噪模式、环境监听模式、升级蓝牙V5.3,¥229.00,,30+评价,漫步者旗舰店,以旧换新,http://imgservice4.suning.cn/uimg1/b2c/image/AqMGM69R-s5iEfAYAW0pRw.jpg_400w_400h_4e,http://product.suning.com/0071080679/12433128839.html
联想(Lenovo)TH30有线头戴式耳机USB带麦克风耳机办公游戏 3.5接口黑色头戴式耳机有线耳机 吃鸡耳机,¥99.00,,3评价,永盛电脑专营店,,http://imgservice3.suning.cn/uimg1/b2c/image/aJM-t6YL6yejHBl-RA9j7A.jpg_400w_400h_4e,http://product.suning.com/0070175526/12425577370.html
SHOKZ韶音OpenFit开放式蓝牙耳机不入耳运动跑步户外长续航通话降噪耳机舒适圈T910 暖日白开放式不入耳，舒适无线蓝牙耳机,¥1298.00,,0评价,苏宁自营,以旧换新,http://imgservice5.suning.cn/uimg1/b2c/image/BFpmrEw175Gxxksn_osd9A.jpg_400w_400h_4e,http://product.suning.com/0000000000/12434104606.html
小米活塞耳机基础版 银色 手机耳机【苏宁自营】铝合金音腔，扁线易收纳，金属复合振膜,¥29.30,,8900+评价,苏宁自营,,http://imgservice5.suning.cn/uimg1/b2c/image/52tepa4RPPg7cn41IprJgw.jpg_400w_400h_4e,http://product.suning.com/0000000000/149315136.html
VIPin F900蓝牙耳机无线耳机挂耳式商务耳机超长待机来电报号通用苹果安卓oppo vivo小米华为手机 黑单耳商务耳机 超长待机 来电报号,¥79.00,,8200+评价,VIPIN数码旗舰店,"以旧换新, ,领券30-10, ",http://imgservice3.suning.cn/uimg1/b2c/image/ZL0NvkB-vZ9Fzb4_wGtgIQ.jpg_400w_400h_4e,http://product.suning.com/0070068943/11082721809.html
EDIFIER/漫步者花再Zero Air真无线蓝牙耳机游戏音乐学生降噪2023新款 暮灰色3.2g轻巧半入耳、专利音腔结构、背向倒声架构、游戏低延时、28h持久续航、蓝牙V5.3,¥109.00,,1500+评价,苏选自营,"苏宁服务, ,以旧换新",http://imgservice1.suning.cn/uimg1/b2c/image/J4gedwGFmBv5Slgr-h_1JQ.jpg_400w_400h_4e,http://product.suning.com/0010330275/12433002645.html
cleer郎朗推荐ARC3代不入耳开放式杜比声空间音频AI智能无线蓝牙运动耳机挂耳骨传导升级骑行适用华为 粉色IPX7级防水级产品；全能充电仓AI体感操控；紫外线杀菌舒适使用；,¥1399.00,,5评价,苏宁自营,以旧换新,http://imgservice5.suning.cn/uimg1/b2c/image/QJqaxTb8bvVnP68EUdAgyw.jpg_400w_400h_4e,http://product.suning.com/0000000000/12434123908.html
BEATS powerbeats 3 入耳式无线耳机 十周年纪念版 桀骜黑红Beats Powerbeats3 十周年纪念版桀骜黑红 12小时电池续航 抗汗防水溅 舒适无止境,¥450.00到手价,,40+评价,苏宁自营,"苏宁国际 直营, ,满1件打3折, ,以旧换新, ,包税",http://imgservice5.suning.cn/uimg1/b2c/image/pxpC1jC2GIw9xrpzGt6U-w.png_400w_400h_4e,http://product.suning.com/0000000000/10679341584.html
EDIFIER/漫步者AIR X无线蓝牙耳机半入耳式游戏运动降噪2024新款适用小米华为苹果 晴蓝色Al通话降噪、专业EQ调音、游戏低延迟、28h复合续航、IP54级防尘防水、蓝牙V5.4,¥129.00,,30+评价,漫步者旗舰店,"新品, ,以旧换新",http://imgservice1.suning.cn/uimg1/b2c/image/Hj_M03YtQ2PtlcKEG1PSqQ.jpg_400w_400h_4e,http://product.suning.com/0071080679/12434782957.html
EDIFIER/漫步者花再Air+颈挂式蓝牙通话降噪运动跑步防尘防水空气耳翼结构耳机 氧气粉空气耳翼结构专利 10mm大动圈镀钛振膜 高清音频编解码 高通蓝牙芯片 18H持久续航,¥158.00到手价,,200+评价,苏选自营,"苏宁服务, ,满100-10, ,以旧换新",http://imgservice2.suning.cn/uimg1/b2c/image/aatA3fQ7nWVPM3Y4Gsif5Q.jpg_400w_400h_4e,http://product.suning.com/0010330275/12409437758.html
华为原装经典耳机CM33 Type-C接口 Mate30/20 p40/30pro nova7/6 荣耀30 V10通用华为Type-C耳机 Mate30/20 p40/30pro nova7/6 荣耀30等,¥56.00,,1000+评价,视界风尚数码专营店,,http://imgservice3.suning.cn/uimg1/b2c/image/vWTAInxq1DT7VRYDaNe3Yg.jpg_400w_400h_4e,http://product.suning.com/0070086324/151220186.html
小天才外耳佩戴E5月影白 学生耳机 无线蓝牙儿童耳机 学生网课学习耳机 可通话耳机 音量控制生活防水 耳夹式佩戴 音量控制,¥399.00,,2评价,小天才品牌旗舰店,以旧换新,http://imgservice2.suning.cn/uimg1/b2c/image/IjRuKyvy9Zo9HsX_Be0cAQ.jpg_400w_400h_4e,http://product.suning.com/0070106202/12427727499.html
EDIFIER/漫步者X2 PLUS真无线蓝牙耳机半入耳式降噪长续航运动游戏男女士 白色28小时长续航、蓝牙V5.3、Al通话降噪、0.06s低延迟、APP多功能拓展、防丢定位,¥99.00,,900+评价,苏选自营,"苏宁服务, ,以旧换新",http://imgservice3.suning.cn/uimg1/b2c/image/K3CU7gSVUZ9OFLYQBND_ug.jpg_400w_400h_4e,http://product.suning.com/0010330275/12432983615.html
EDIFIER/漫步者USB K810电脑耳机带麦头戴式网课学习英语听力隔音听说耳机 黑色外置声卡 单向麦克风 热款低价,¥129.00,,20+评价,漫步者旗舰店,,http://imgservice3.suning.cn/uimg1/b2c/image/kfIq-MIxfgU7FVp-8O0l9A.jpg_400w_400h_4e,http://product.suning.com/0071080679/12267266114.html
联想HT106 网课电脑耳机 黑灰色 头戴线式耳麦 游戏办公教育网课麦克风话筒音乐 台式电脑笔记本耳麦通用清晰通话，佩戴舒适轻便，学习游戏，电脑通用,¥49.00,,10+评价,苏宁自营,,http://imgservice2.suning.cn/uimg1/b2c/image/VIFjTI5HiTGrLi7Yfmt3fw.jpg_400w_400h_4e,http://product.suning.com/0000000000/12408109887.html
漫步者(EDIFIER)W3 漫威定制版 真无线蓝牙耳机 迷你入耳式耳机 通用苹果小米手机漫威正版授权，高通蓝牙5.0，aptx音频解码，IPX5级防水，8+24小时超,¥197.00,,30+评价,弘达影音专营店,"以旧换新, ",http://imgservice5.suning.cn/uimg1/b2c/image/fxx4dG5nqmtEXXOeG3QbZQ.jpg_400w_400h_4e,http://product.suning.com/0071077022/11802577176.html
JBL TUNE 520BT 蓝牙耳机 头戴式 音乐游戏运动耳机 便携折叠 通话降噪麦克风TUNE510BT白色通话降噪麦克风,¥239.00,,1评价,苏宁自营,"以旧换新, ,6期免息",http://imgservice1.suning.cn/uimg1/b2c/atmosphere/xn8HuNxe4XIJG0bBrZ--Hg.png_400w_400h_4e,http://product.suning.com/0000000000/12433661665.html
EDIFIER/漫步者X Fit 蓝牙耳机挂耳式气传导不入耳开放式运动跑步专用高音质 镜黑色防漏音结构、40小时强劲续航、P55防尘防水、游戏低延模式、开放式不堵耳、动态低频增强,¥399.00到手价,,0评价,苏选自营,"苏宁服务, ,满400-30, ,以旧换新",http://imgservice5.suning.cn/uimg1/b2c/image/fJOhCNTx_2vPlMOERYghGg.jpg_400w_400h_4e,http://product.suning.com/0010330275/12433998432.html
联想(Lenovo)蓝牙耳机 X1运动挂脖 红色IPX5级防水汗 入耳式蓝牙5.0耳塞 隔音降噪环绕立体声好音质持久续航轻盈舒适,¥69.00,,20+评价,苏宁自营,以旧换新,http://imgservice3.suning.cn/uimg1/b2c/image/m9pGNlO7xhwg98b-9omf5Q.jpg_400w_400h_4e,http://product.suning.com/0000000000/12279556653.html
EDIFIER/漫步者花再EVO Air真无线蓝牙耳机降噪通话半入耳运动舒适不痛耳2024新款适用于华为苹果小米 迷雾粉全新蓝牙5.4、IP54级防尘防水、EQ个性音效、智能通话降噪、闪电快充、32小时长续航,¥159.00到手价,,10+评价,苏选自营,"苏宁服务, ,满100-10, ,以旧换新",http://imgservice3.suning.cn/uimg1/b2c/image/XaFeBQkTLOp1-iPvDiTqQA.jpg_400w_400h_4e,http://product.suning.com/0010330275/12433462116.html
EDIFIER/漫步者 X3 AIR 入耳式蓝牙耳机无线降噪运动高音质男女生款2023新款X3PLUS升级款 雅灰色Al通话降噪、0.06s延时、IP55防尘防水、主从切换、蓝牙V5.3、APP自定义玩法,¥99.00,,900+评价,苏选自营,"苏宁服务, ,以旧换新",http://imgservice3.suning.cn/uimg1/b2c/image/9Z1kjFsWVZyN90eTDCEkIw.jpg_400w_400h_4e,http://product.suning.com/0010330275/12432983361.html
小米Redmi Buds 4 青春版 晴雪白 真无线蓝牙耳机半入耳通话降噪20H长续航半入耳设计 ｜ 12mm 动圈单元｜20H长续航,¥139.00,,10+评价,苏选自营,"苏宁服务, ,以旧换新",http://imgservice4.suning.cn/uimg1/b2c/image/0a9_iCtVKzsqBwzBg_KksQ.jpg_400w_400h_4e,http://product.suning.com/0010333972/12406840197.html
联想(Lenovo)蓝牙耳机 HE05XⅡ运动挂脖 蓝色IPX5级防水汗 入耳式蓝牙5.0耳塞 隔音降噪环绕立体声好音质经典新升级，磁吸设计，回弹项圈，无感佩戴,¥48.00,,60+评价,苏宁自营,"新品, ,以旧换新",http://imgservice2.suning.cn/uimg1/b2c/image/ih-vrNl0cO4OCwU4APJzNw.jpg_400w_400h_4e,http://product.suning.com/0000000000/12395725026.html
漫步者(EDIFIER)H180Plus 半入耳式有线耳机 Type-c接口 Hi-Res金标认证 支持APP 白色新品上架,¥68.00,,200+评价,弘达影音专营店,,http://imgservice5.suning.cn/uimg1/b2c/image/KmvZj8zcSG1qGTHQmhkfIg.jpg_400w_400h_4e,http://product.suning.com/0071077022/12380771045.html
联想(Lenovo)头戴式耳机电脑耳麦有线USB 7.1声道立体声网课学习办公游戏RGB发光 thinkplus G20,¥66.00,,10+评价,派思德3C配件专营店,,http://imgservice.suning.cn/uimg1/b2c/image/7FTahRupdWDOUz2e3NrBIQ.jpg_400w_400h_4e,https://th.suning.com/calCpcClicks?adtype=1&tid=HT_40079664_100000006_12407095590_20241120&cmdCode=12407095590&companyCode=70973128&s=&k=GUWJJuEKh%2bU%2bjx8%2fwrFD3oy9U2H4M3eDuPBPq8rU1UCm1L2p1sD71WjvhIbEHm4OD5bYt%2b5mKBUYZfcSQ2LOAFIqxMjAor7uzkMeUfllnjoZaEgpTC8GKT75XLgpmyQ%2b%2bJbwqAidNM54SCiGeIn8Gl6S4OVHspc58DYsNuRyQ4ZsWfhvXyAPgQs2mFfNFzlP%2fOoe2yo18x4H1ix5pSevwIUKNKZtfEQ57Y%2fv5IiHcuLJs90MfvxmF0lwybzTQ79D9hTfGgDhfWSbvG6UvKioV62lkpDRgB7C33Zec%2fj9b1FGnbELE61rc2ZCTXuoOkdgiqwteiMFyg%2b%2fwJVbyo1EgkPfpAUdyKI64zeZ3jNpXSFdDHSBY9rCVmVxzflmUe0E%2bKfTdwyNkO5da3RT1Nns%2brrnspUlv75IASlFlhjAxYIszVnYnk8stPfip8Gj2VP5kys39qUAUlWHpAfc8bpvI8GiQJpW6D1qKO0dl5T4L2L5ykYPvbOjsx7WYq4fQagWpGRzI6sCc3bKoXs1ZsHD1omG0imEU3DPURZSH2tisskWN0OSa7mT0QckEJTR4XotfEwD71M4WIzxuR0IWC6znTZkKc37%2bph0JnTcQVIhEIr5FmV5tlKV8floOtv8y7plplxrsBNJRySpRfN1olD5Zw%3d%3d&clickUrl=http%3a%2f%2fproduct.suning.com%2f0070973128%2f12407095590.html&click_id=2pGnVj10mbvmBSrA10000E7shQyU22fD6Iiobl7HZ
华为/HUAWEI FreeBuds 6i 天际白 真无线蓝牙降噪耳机 旗舰级降噪深度 智慧动态降噪3.0 低音澎湃旗舰级降噪深度 智慧动态降噪3.0 低音澎湃,¥449.00,,200+评价,苏宁自营,"新品, ,大聚惠, ,以旧换新, ,3期免息, ,领券400-30",http://imgservice3.suning.cn/uimg1/b2c/image/xCZsCvXDV2VQ07Juzbu0Tw.jpg_400w_400h_4e,http://product.suning.com/0000000000/12434469831.html
华为/HUAWEI FreeClip 耳夹耳机 开放式不入耳无线蓝牙耳机 稳固舒适佩戴 8小时连续播放 星空黑舒适稳固佩戴 | 开放式近耳聆听 | 8小时连续播放,¥1129.00,,1.4万+评价,苏宁自营,"大聚惠, ,以旧换新, ,6期免息, ,领券800-50",http://imgservice1.suning.cn/uimg1/b2c/image/0JAly36jT6HDwDsBV97tBQ.jpg_400w_400h_4e,http://product.suning.com/0000000000/12425621112.html
华为/HUAWEI FreeBuds 6i 流光紫 真无线蓝牙降噪耳机 旗舰级降噪深度 智慧动态降噪3.0 低音澎湃真无线蓝牙降噪耳机；旗舰级别降噪深度 ；智慧动态降噪3.0 低音澎湃,¥449.00,,200+评价,苏宁自营,"新品, ,大聚惠, ,以旧换新, ,3期免息, ,领券400-30",http://imgservice3.suning.cn/uimg1/b2c/image/RdQb2EyPVJzvqhRGiBpBTA.jpg_400w_400h_4e,http://product.suning.com/0000000000/12434469833.html
华为(HUAWEI)FreeBuds 5i真无线耳机蓝牙 多模式主动降噪 入耳式 音乐听歌手机通话 游戏低延迟 超长待机,¥348.00,,400+评价,荣耀派思德数码专营店,"以旧换新, ",http://imgservice.suning.cn/uimg1/b2c/image/RR20cLzQmZ3ccKoEXxDhFw.jpg_400w_400h_4e,https://th.suning.com/calCpcClicks?adtype=1&tid=HT_40080000_100000006_12300429624_20241120&cmdCode=12300429624&companyCode=70163444&s=&k=GUWJJuEKh%2bU%2bjx8%2fwrFD3oy9U2H4M3eDuPBPq8rU1UD%2fcBlONwpyAHoqogBNmeuKuYtMomxJc2wN1q%2fo53TqlSRwPyYoJwfxMNNI1Ki7VammmjhMFkpKKnjC3ymztoMlE%2bkRBnj%2fDi9ClYs3Yj7lln8JO1w37BHPpe2oKTpC4TrLm3RRjUflL1mBhStasIz71F2FdQZCe47xft4oYtVcvE5TN8r4NQn3EJV%2bd8yaKXIhYE83wU4xGri9kZQSFa%2bAndAeudlsjlhHbrhJPbQR5%2fECOIc%2bf25foP39MYiQHtI8Is%2fqdz6v%2bGClUvx%2fwgXD%2f1FAQJtmvK30xJ6jY0dyVP6p4F%2fE7S4RwJkRPdZL3ul5hEkosIlGfGX0sHXS%2bCV1CnAa5EGI8hw6AjpIdwDp%2f5uQUagBE0PaP1BsVRRm5S3gIykGbIoW7koOl2fgZuwYLHBT36UHwG5W8QKn4HLyAc1%2b33prI%2bdLESTQIWQ2JE7V75iiuaFz0OEo8Tx9yuESFTsw0mg4LE5%2fkDwuaRrkF80ZvqgHQG1mFXrcxRO8GorPVrjD6JlHZUuXQPDf5Pn%2by0uUI%2f27pSWqn0kH4SY17YW2k2psE%2bXiYUoV2cK9lTiubdIGUv5jGCZtNm4ivvavwP8UdtBTMcR8hhCoT9iP1Q%3d%3d&clickUrl=http%3a%2f%2fproduct.suning.com%2f0070163444%2f12300429624.html&click_id=2pGnVj10mbvmBzJL10000iapml8XruRJnKnd5u8HZ
华为/HUAWEI FreeBuds SE 2 陶瓷白 真无线蓝牙运动耳机 半入耳式 40小时长续航 适用苹果安卓手机充电10分钟，可连听3小时音乐；轻盈小巧；搭载全新蓝牙技术5.3协议；IP54级防尘抗水溅,¥129.00,,1.4万+评价,苏宁自营,以旧换新,http://imgservice5.suning.cn/uimg1/b2c/image/Mpi_JWy2N8TNIGhTYjfiJg.jpg_400w_400h_4e,http://product.suning.com/0000000000/12414910576.html
华为/HUAWEI FreeBuds Pro 3 冰霜银 真无线耳机蓝牙运动耳机 入耳式 离线查找 适用Mate60静谧通话2.0，智慧动态降噪3.0；高清空间音频2.0OS 4；智慧新体验离线查找；,¥899.10到手价,,1.4万+评价,苏宁自营," ,大聚惠, ,以旧换新, ,6期免息, ,领券800-50",http://imgservice4.suning.cn/uimg1/b2c/image/0AtISQEr_o-TPrue6xtUbg.jpg_400w_400h_4e,http://product.suning.com/0000000000/12418841320.html
华为/HUAWEI FreeBuds Pro 3 陶瓷白 真无线耳机蓝牙运动耳机 入耳式 离线查找 适用Mate60智慧动态降噪3.0级；HIFI高清空间音频2.0；HarmonyOS 4系统,¥899.10到手价,,1.4万+评价,苏宁自营," ,大聚惠, ,以旧换新, ,6期免息, ,领券800-50",http://imgservice3.suning.cn/uimg1/b2c/image/qDVKWlhGmypStqWGk4NAgg.jpg_400w_400h_4e,http://product.suning.com/0000000000/12418841272.html
惠普(hp)头戴式耳机虚拟7.1声道立体声有线电脑USB接口发光电竞游戏耳麦降噪麦克风 蓝光灯效 DHE-8001U,¥57.00,,30+评价,派思德3C配件专营店,,http://imgservice.suning.cn/uimg1/b2c/image/iiZDAOGdkp2nSGy52y9dXQ.jpg_400w_400h_4e,https://th.suning.com/calCpcClicks?adtype=1&tid=HT_40079664_100000006_12429362166_20241120&cmdCode=12429362166&companyCode=70973128&s=&k=GUWJJuEKh%2bU%2bjx8%2fwrFD3oy9U2H4M3eDuPBPq8rU1UCm1L2p1sD71WjvhIbEHm4OWHnoA67cr5%2fRn8ojWY7qzcA9VZ%2bkdndUzXA4xbt4ED2aQAR0DacX%2byONipH2ZYwIFeH20h%2fJ7SlmzOj1BhaQznxM4jqpSZ5CtkPxp8LjLDSMywFKbQynYtZ8XI4y6aoNEb6X3DGnZC9HykP7geZe8ZqMNiunWQBmLxaGFDHUxPnaYfEfhknH0so5T1zvHkTDK9se6fpk8YZkpFAzaHsu72sFog%2bVREtV08NGFNKRlh2ARNSvWkfyjDUD9Zn8ual5rmZJviYAo4SGDjQca%2bmISIFygEvvSmb1beVPHePQY3FAV3MMehaNBtYcw%2f5W5MRQRRxzQZF3aVxbbgIC0tjL8WqdS16mveej1ieRtFul5bVjMoErucTuv0sh4L84LXrDAI4Kio5F5Am0WMGBhQgdEBm5J3dSTiv3hEeP0YHVYcL2JGcHdKaJqbCIjAfVW1lXZmQXEoQEU3Q5DBgoY4FjJt%2bzY1XGQEP40tuAN3m5tjsD24hV1qbjHaViMs%2blcyCwoF8HQLpc5f1WyyUTZIqU2bM3TYgT4SddZAwn75i3ucyi0MVpPcPzAjUjuWZEVbB%2fBIiApEl4Hsc7PgwUmOzR%2bA%3d%3d&clickUrl=http%3a%2f%2fproduct.suning.com%2f0070973128%2f12429362166.html&click_id=2pGnVj10mbvmBKBA10000k9rssWmECfD6Iiobl7HZ
拜雅(beyerdynamic)弗里奥200 无线蓝牙不入耳开放式 耳挂式OWS耳机 VERIO 200 运动跑步黑色不入耳开放式,¥1783.80到手价,,0评价,苏宁自营," ,以旧换新",http://imgservice1.suning.cn/uimg1/b2c/atmosphere/9GYlmkemqZzeAkWc9BvlGQ.png_400w_400h_4e,http://product.suning.com/0000000000/12434485112.html
索尼(SONY) WH-1000XM5 头戴式无线蓝牙降噪耳机 铂金银色 AI智能降噪XM4升级版AI降噪，Hi-Res高解析度音质，深度神经网络技术，双芯驱动快速充电 全国联保,¥2149.00,,10+评价,苏宁自营,以旧换新,http://imgservice3.suning.cn/uimg1/b2c/image/mIkc9Yb-lO_f_Y-pRLTXdg.jpg_400w_400h_4e,http://product.suning.com/0000000000/12423397628.html
华为/HUAWEI FreeBuds SE 2 曜石黑 真无线蓝牙运动耳机 半入耳式 40小时长续航 适用苹果安卓手机充电10分钟，可连听3小时音乐；轻盈小巧；搭载全新蓝牙技术5.3协议；IP54级防尘抗水溅,¥129.00,,1.4万+评价,苏宁自营,以旧换新,http://imgservice1.suning.cn/uimg1/b2c/image/cpXrcpXPrC8BWas205hKnw.jpg_400w_400h_4e,http://product.suning.com/0000000000/12432824776.html
华为(HUAWEI)手机耳机有线TypeC接口 降噪 半入耳式 带麦克风 三键线控 Hi-Res高解析音频认证 CM33,¥63.00,,100+评价,荣耀派思德数码专营店,,http://imgservice.suning.cn/uimg1/b2c/image/wO9IuN_QBwop_VSDcogT3A.jpg_200w_200h_4e_374w_374h_4e_400w_400h_4e,https://th.suning.com/calCpcClicks?adtype=1&tid=106948753410000000620241120&cmdCode=12279744945&companyCode=70163444&s=&k=GUWJJuEKh%2bU%2bjx8%2fwrFD3oy9U2H4M3eDuPBPq8rU1UCPQ%2fnEHXjNf4BhaKM9LqEBz4I26%2bRkDWaNlLj8hRsWGOoe6zdsGf18lMqMo5IujXsFUcXvwhU8IgOCv%2buO1bB00tdyrbh1rNx0bcXsGpcbk6lA8ivztr19AQ29mg4o7DhJzzJfW%2bKlITEBO9T4IImZ7ciVxPVY%2ba8JpJzD%2bFxc8ufT3wBZ53YqQJ9ub94g%2fqzlNTqaebPoRf0YpIwHEpw6NXzaJVwN%2fnQ%2beE7Plw0CqRpGwakf5%2bQVxk0XqJYzK%2fiUmiBs%2bZwwS0%2fP3nQbIU538LXB8jxgQzCGFyTbfzIwQUW7hAx2vXSNaOZ8uPvwxfZ5oDT5f7q1PQ1k5ITpgzKRM4IUFZ%2fe4lGGI4PUg2UHDCxslwgwuNjJIJTBeAtZUAen46qzMgzVr7D3xhBXzLr0SkxRxKjay19e9Vxh8WvaJil3d4VT1yMnJm0eCls8nEyA4E4VKXMjourXXrn2k23uAy1fze1QD%2frWhx5InEX6kXdB9ZmzKZRwV4DiCreYXKGPvTNIYjN394ZDHkZ7jH6HQd9898x6nMzFLlXC6EpjWQ4OqVQPUQA6uv4YfdMnPZdaj%2fT5%2bziXyTiSE7dkIL5rRiqTjE3FhJKBYIhrQAa81g%3d%3d&clickUrl=http%3a%2f%2fproduct.suning.com%2f0070163444%2f12279744945.html&click_id=2pGnVj10mbvmBkbM1000000000k38X2YS6uFlNfc8
华为/HUAWEI FreeBuds SE 2 海岛蓝 真无线蓝牙运动耳机 半入耳式 40小时长续航 适用苹果安卓手机充电10分钟，可连听3小时音乐；轻盈小巧；搭载全新蓝牙技术5.3协议；IP54级防尘抗水溅,¥129.00,,1.4万+评价,苏宁自营,以旧换新,http://imgservice3.suning.cn/uimg1/b2c/image/lNWWfGPV7ZRaIGyTC5KZ6g.jpg_400w_400h_4e,http://product.suning.com/0000000000/12418323126.html
EDIFIER/漫步者 X5 PRO 主动降噪蓝牙耳机无线入耳式运动新款男女通用似lollipro2 黛蓝色26h复合续航、ANC主动降噪、Al通话降噪、0.08S游戏低延迟、4种EQ模式可切换,¥169.00,,900+评价,苏选自营,"苏宁服务, ,以旧换新",http://imgservice3.suning.cn/uimg1/b2c/image/RCJbhcF7GqXMJcT0z5utqA.jpg_400w_400h_4e,http://product.suning.com/0010330275/12432983355.html
EDIFIER/漫步者 X2真无线蓝牙耳机降噪运动半入耳式游戏2021年新款超长续航适用华为苹果小米 白色 白色单双耳自由切换、28小时长续航、13mm大尺寸单体、低延游戏模式、轻量半入耳式设计,¥99.00,,100+评价,苏选自营,,http://imgservice4.suning.cn/uimg1/b2c/image/Ybia2ba8nsKVRcdmaeGszg.jpg_400w_400h_4e,http://product.suning.com/0010330275/12353681554.html
华为(HUAWEI)真无线蓝牙耳机FreeBuds4E 2024版 冰霜银 半开放入耳式主动降噪 充电盒快充 双设备连接,¥425.00,,400+评价,荣耀派思德数码专营店,"以旧换新, ",http://imgservice.suning.cn/uimg1/b2c/image/XvzOcMY2y57ej8GrBm8LMQ.jpg_400w_400h_4e,https://th.suning.com/calCpcClicks?adtype=1&tid=HT_40080000_100000006_12366393666_20241120&cmdCode=12366393666&companyCode=70163444&s=&k=GUWJJuEKh%2bU%2bjx8%2fwrFD3oy9U2H4M3eDuPBPq8rU1UD%2fcBlONwpyAHoqogBNmeuK1%2b0L8mU9dGG5KOfmu8%2fZCiy37s9f%2bmBQurLoYyfkVTpfZi8Nz8rd3mwrf9Kz9s%2bhcDyO6pc0JsYQnn7yr8VIlSeAOE8Oz9YTnpxb7yMymOGa8JdbU69ZgcqU8MF1YKt37hgyDLgaciJTvi6CpIafqX4huHx%2b4QAizw%2fz3gIRLXtl%2f%2b2ZkCiw3kWy4E210v5pUmwN%2fGxLbBTjgTvgs%2fiIw0sqK5TaqeZGa3c7diTm0mQ19evRsevlsJ%2bwg2wncCoRoma1dQLeWSCqDcPKdF08TGvCWucC%2fjkuoBPsHvzCmjiL9O7CIwT2hFz5f6xzmmpYzLYBOKNLEyWzw%2b7qNSbfGqaJHZF2ZuEi6IFN9Ikg07ULZgZ67rkD6n9nPUoepq85U1AcCIUOK6%2beOKSLqO%2burfVLizJXrP%2f9BdzwSpJJlmlK%2bkzSS%2fVHcn75DAhB0JNjmdSVK6F5WBe2lLBZfYD2T7YUiynFe%2fmyZw8tOZ0CHUDIh%2bobJIWuOmXaSHPFqqiqeHekvFpd28E%2bc4jpjrL7Ls%2ffCdFn6%2bojdcO0QoIcVdAvOzzstBkxkWBNBiMbXvanbWu%2fImT2K%2f0g%2fkuL8allMw%3d%3d&clickUrl=http%3a%2f%2fproduct.suning.com%2f0070163444%2f12366393666.html&click_id=2pGnVj10mbvmBXBL10000yseUGXe4PSJnKnd5u8HZ
韶音S803石墨黑OpenRun Air骨传导蓝牙耳机Shokz运动跑步不入耳户外跑步防水防汗骨传导蓝牙运动跑步耳机防水防汗,¥698.00,,5评价,苏宁自营,以旧换新,http://imgservice1.suning.cn/uimg1/b2c/image/y1hjFeAJ1RsxtHTG_a-eXQ.jpg_400w_400h_4e,http://product.suning.com/0000000000/12433584788.html
索爱(soaiy) GD31蓝牙耳机无线挂耳式气骨传导开放不入耳跑步运动听歌音乐新款蓝牙5.4，超强续航,¥98.10,,0评价,爱立顺数码专营店,"以旧换新, ",http://imgservice2.suning.cn/uimg1/b2c/image/kWJkAINA_yUis5cXkg8Sqg.jpg_400w_400h_4e,http://product.suning.com/0070066320/12434448010.html
华为(HUAWEI)FreeBuds5i真无线蓝牙耳机入耳式主动降噪手机通话音乐运动跑步防风双麦克风充电盒快充长续航圆润灵动外观；Hi-Res高解析音质；多模式降噪；智慧音频连接；游戏低延迟；长续航。,¥369.00,,400+评价,荣耀派思德数码专营店,"以旧换新, ",http://uimgproxy.suning.cn/uimg1/sop/commodity/YZTSSuWLTstrXImn_rayTg.jpg_400w_400h_4e,http://product.suning.com/0070163444/12300429614.html
华为(HUAWEI)FreeBuds5i真无线蓝牙耳机入耳式主动降噪 手机通话音乐 运动跑步 双麦克风 充电盒长续航,¥358.00,,400+评价,荣耀派思德数码专营店,"以旧换新, ",http://imgservice.suning.cn/uimg1/b2c/image/2Pea0iMYWt5oPGCVKpR0Hw.jpg_400w_400h_4e,https://th.suning.com/calCpcClicks?adtype=1&tid=HT_40080000_100000006_12301144681_20241120&cmdCode=12301144681&companyCode=70163444&s=&k=GUWJJuEKh%2bU%2bjx8%2fwrFD3oy9U2H4M3eDuPBPq8rU1UD%2fcBlONwpyAHoqogBNmeuKqupU76pXD8SfWbPM%2fxItiupjx9rspvpDc0nEsZi9W95jDsAN4NBUDaahWdI6OtVZE7ilHC7Pw%2fU5ZkqtcRblSviYKejxFv9eIGXbUxA3IJFQmXErjyAciM9uEu9B7JOl6HSheUoWdYheYVIy0Dj%2fuilJPdmwONmfhNCOcw%2blWeBL340xVbxd9IeVuE2blfQaq9f478Yc0EbXgn0TYSAnX6577%2baFVtYrGvY23VmnGD%2bfXIKmhFFByLHlONmtlu0Xk2AD21V20D8IwLh4xp%2blm0TCNf131T3zFFAH4Jn5i2uKb2wQN3QdpesWEqLv6Q2Ca8rASM0cY6Y5qLoYaVRQiP0CuM3cNK1xo%2fa99mOOTDb9QEKBPmY5hs%2fkc5CFMEHnRraV%2fHSxxo%2fQngVGFNhwrdk6p5TF4KB0OXv0vA2zHi7oRTpfifMchVNr4aKaNH%2bNvqQQPSv2v4zygPkv47RApAd6HDbkEZAlryCHjqogmsKzXnQ1r2K1LGAM6ykqdDjGvs7HhqizlJubRBRVWop8Efop%2fi%2bTk8JmHCKtqv6wRdfzQyAHoXGhKwLa2a42w9CxV77wG0M9rtfTTqK1T5BzZw%3d%3d&clickUrl=http%3a%2f%2fproduct.suning.com%2f0070163444%2f12301144681.html&click_id=2pGnVj10mbvmB3d410000C4tUR2qBvRJnKnd5u8HZ
华为/HUAWEI FreeBuds SE 2 香芋紫 真无线蓝牙运动耳机 半入耳式 40小时长续航 适用苹果安卓手机充电10分钟，可连听3小时音乐；轻盈小巧；搭载全新蓝牙技术5.3协议；IP54级防尘抗水溅,¥129.00,,1.4万+评价,苏宁自营,以旧换新,http://imgservice1.suning.cn/uimg1/b2c/image/4W0QggoEKoTFV0k115P2jw.jpg_400w_400h_4e,http://product.suning.com/0000000000/12432824775.html
EDIFIER/漫步者 Zero Buds真无线蓝牙耳机通话降噪便携运动游戏适用于苹果华为小米 茶白色零压佩戴技术 蓝牙5.3 漫步者调音,¥148.00,,30+评价,漫步者旗舰店,以旧换新,http://imgservice3.suning.cn/uimg1/b2c/image/zWfvK2YhFX9EP1QjdG4TJw.jpg_400w_400h_4e,http://product.suning.com/0071080679/12381843527.html
韶音(SHOKZ)OpenRun Pro 2 S820骨传导蓝牙耳机开放式耳机运动无线骨传导耳机跑步不入耳挂砂石黑骨传导蓝牙耳机,¥1168.20到手价,,,苏宁自营," ,新品, ,以旧换新",http://imgservice3.suning.cn/uimg1/b2c/atmosphere/L9SFN5LmNT7URiZ2O-OYXQ.png_400w_400h_4e,http://product.suning.com/0000000000/12435456306.html
华为(HUAWEI)真无线蓝牙耳机FreeBuds4E 2024版 陶瓷白 半开放入耳式主动降噪 充电盒快充 双设备连接,¥436.00,,400+评价,荣耀派思德数码专营店,"以旧换新, ",http://imgservice.suning.cn/uimg1/b2c/image/HYcQ8Z0G0xHnHoqrDP2wgA.jpg_400w_400h_4e,https://th.suning.com/calCpcClicks?adtype=1&tid=HT_40080000_100000006_12366392446_20241120&cmdCode=12366392446&companyCode=70163444&s=&k=GUWJJuEKh%2bU%2bjx8%2fwrFD3oy9U2H4M3eDuPBPq8rU1UD%2fcBlONwpyAHoqogBNmeuK1%2b0L8mU9dGG5KOfmu8%2fZCldGIEtlzc%2fWQ7zvDEVdTwBFnAcDrefnP%2b5DtCVrjXHvHzr8W4VI13gSKSVYrSkjWUsfY5ZwyUGtRvRPU0xi50DQGGEISEzj6LBHM7QIDKLZfqcI4xq1%2bfschifZKsLE6zOdyNBlmkQCuT3kfPspvwNdBMJeBiwJwoTM9chL4f5PH2fWRzp7nTk5feegF9yhCotgJT7gntZc%2b9N2JYAvARWmTk88MlEUY4cASf0frh4X4HvzEeejKAcRA%2fRUPQr9jSfbLUfL7QYrcY%2fCpXIhWTzJgLFwCG2xVHCwq9xHFXDfVxRTljWOjUZpufLZ0QeGmbR1twyN4GS86OFKsQPNV6jW%2bX%2fK3qxJF5g1%2fpJGPCNtAEEc6ixCVYlab6lXChUE5fBIvh1t7G7db8aWfIAvXjm046rIMX9QQKkkwf5r1zFuG%2bsSTCuGMRyQbZaQzH6E3h%2bZrmitnQRHK6ql2u0PSfiNLSxV6D6nNWEzq5ML1DKVcQX4uwm3Fq7iDADhplwY7OokrE1j5bbZMSJhq5KOGtkvXfY7T8gSLYKotA%2bhKZ9HroUJtwPHF1dUJQNXQO3Agg%3d%3d&clickUrl=http%3a%2f%2fproduct.suning.com%2f0070163444%2f12366392446.html&click_id=2pGnVj10mbvmB2dK10000Uj536Oc4PSJnKnd5u8HZ
科大讯飞(iFLYTEK)同声传译耳机Pro2 幻影银 桌面办公套装 面对面翻译会议耳机无线蓝牙耳机 入耳式 录音转文字面对面翻译 同声传译 通话\会议录音 免费同步转文字 支持方言 准确率高达98%,¥1359.00,,30+评价,苏宁自营,以旧换新,http://imgservice5.suning.cn/uimg1/b2c/image/CuWINC0c31OH0pRY2YZBWQ.jpg_400w_400h_4e,http://product.suning.com/0000000000/12433870822.html
飞利浦(PHILIPS)骨传导概念真无线 蓝牙耳机 开放式挂耳式耳夹式高端运动通话降噪TAT2719-白运动耳机苹果安卓通,¥179.00,,,苏宁自营,"新品, ,以旧换新",http://imgservice4.suning.cn/uimg1/b2c/atmosphere/N-nQdMW9KcjhkXrbaCnymQ.png_400w_400h_4e,http://product.suning.com/0000000000/12435399852.html
JBL Soundgear sense音悦圈开放式真无线蓝牙耳机骨传导升级空气传导运动跑步挂耳式苹果安卓通用黑色耳机放式真无线蓝牙耳机,¥749.00,,2评价,苏宁自营,以旧换新,http://imgservice4.suning.cn/uimg1/b2c/atmosphere/l4EPasT_-1e_IZAoto8KYQ.png_400w_400h_4e,http://product.suning.com/0000000000/12432501356.html
华为(HUAWEI)手机耳机有线typec接口 降噪 半入耳式 带麦克风 三键线控 Hi-Res高解析音频认证 CM33,¥63.00,,100+评价,荣耀派思德数码专营店,,http://imgservice.suning.cn/uimg1/b2c/image/2XMwYV59mEWg5ZWii7nZlw.jpg_200w_200h_4e_374w_374h_4e_400w_400h_4e,https://th.suning.com/calCpcClicks?adtype=1&tid=107667641010000000620241120&cmdCode=12279832256&companyCode=70163444&s=&k=GUWJJuEKh%2bU%2bjx8%2fwrFD3oy9U2H4M3eDuPBPq8rU1UDTWVmipFcXAxBZduml5IJ1BW0w42WO4sYZV%2bsBfc89eAmLOjeh%2ffctLQ8gt%2bGqROFuRUWVy%2bEWCSlBJKWlLt46yrIt%2bM%2foLAfYgZ1UWw7XlusQYnk6Cp6AhyhDlmAc1eHnN1WrAdHlkiDTRJolzCR3K%2fFqnpvBL%2bXvrcJBcVCNXdNFT%2be5kLrqxaAYaAgUoePhI7FXyCtASJYdrNQO6Q9XK7ip21J8lyuAaTzAZvd19Em5RW9RnBSGE78dIdXP9ZyxHn47Ulw1uTY1eZZxk5FHhWxBjE2CdhTByTPVa8yW2TLpGXaqM%2fq0y2LVpmKq3uOjLjBox5ysyBW4%2bJWQGYvMmkYxPMwIuGYb%2faTnUGIMeLeGr9Tds14RFTdIOkZugps7G7iyT0S8x8GJ1vym12DBEWWkwRerSExyvGbaRIvB9UD13a3e1d0MBm2QcImgmL4AWRkE%2b9d6h5mb23DdmdR7hXEpWseMq9%2ftTazN0a7jFC1eckBMbVQ7NTgXICWamQakQNi9tgi81HM47JtDiWxhM9aNcPAN8a88TP86I3AHJj7t%2fPGOl86EsJJE9eQNl49sbN7pBLO3FYjyAqulxNJk&clickUrl=http%3a%2f%2fproduct.suning.com%2f0070163444%2f12279832256.html&click_id=2pGnVj10mbvmB42H10000000002PkPiJwwcFoCGg8
VIPin V9商务蓝牙耳机无线耳机运动挂耳式蓝牙5.0超长待机跑步健身车载通用苹果安卓小米华为手机平板 黑色超长待机 无线运动 车载商务 一机二用 左右佩戴 超轻材质 低音重炮 来电报号,¥28.90,,8200+评价,VIPIN数码旗舰店,"以旧换新, ,领券30-10, ",http://imgservice1.suning.cn/uimg1/b2c/image/yy3V8-dEzNP7IiQyZQUetw.jpg_400w_400h_4e,http://product.suning.com/0070068943/683555174.html
华为(HUAWEI)真无线蓝牙耳机FreeBuds4E 2024版 陶瓷白 半开放入耳式主动降噪 充电盒快充 双设备连接半开放主动降噪，高解析音质，滑动触控操作，HarmonyOS音频智慧体验，空气感舒适佩戴。,¥436.00,,400+评价,荣耀派思德数码专营店,"以旧换新, ",http://uimgproxy.suning.cn/uimg1/sop/commodity/t2vKMnz0dpjCvIzMZVTjHg.jpg_400w_400h_4e,http://product.suning.com/0070163444/12366392446.html
飞利浦(PHILIPS)蓝牙耳机骨传导概念真无线挂耳式开放式不入耳夹式运动跑步长续航高端降噪通用苹果华为AT2708-黑运动耳机苹果安卓通,¥119.00,,4评价,苏宁自营,以旧换新,http://imgservice5.suning.cn/uimg1/b2c/atmosphere/MwMKMVCsw3QcEXHqiiHWgQ.png_400w_400h_4e,http://product.suning.com/0000000000/12434566452.html
EDIFIER/漫步者 W830NB 头戴式主动降噪蓝牙耳机无线运动耳麦续航游戏双金标 晨曦白突破性96小时续航、剧场级空间音效、-45dB深度降噪、全新蓝牙V5.4、多种降噪模式,¥469.00,,3评价,苏选自营,"苏宁服务, ,以旧换新",http://imgservice2.suning.cn/uimg1/b2c/image/L2WFU8jJwNiEvBFi1mWZqA.jpg_400w_400h_4e,http://product.suning.com/0010330275/12433224333.html
EDIFIER/漫步者花再Air+颈挂式蓝牙通话降噪运动跑步防尘防水空气耳翼结构耳机 午夜灰空气耳翼结构专利 10mm大动圈镀钛振膜 高清音频编解码 高通蓝牙芯片 18H持久续航,¥158.00到手价,,200+评价,苏选自营,"苏宁服务, ,满100-10, ,以旧换新",http://imgservice2.suning.cn/uimg1/b2c/image/NVFhGzpx59v-pTtegVhBpQ.jpg_400w_400h_4e,http://product.suning.com/0010330275/12409437756.html
索尼(SONY) WH-CH520 舒适高效头戴式耳机 复古百搭配色 舒适轻巧 黑色复古百搭配色/ 8种预设音效 / 约50小时长效续航 / 通话降噪 / 多点连接 迅速配对,¥299.00,,5评价,苏宁自营,以旧换新,http://imgservice3.suning.cn/uimg1/b2c/image/nrxypuaU0t6tOUCYYpKyqg.jpg_400w_400h_4e,http://product.suning.com/0000000000/12423405742.html
联想/Lenovo蓝牙耳机 LP40升级版白色 TWS真无线游戏影音乐耳塞半入耳式 适用于苹果安卓华为小米手机LP40升级版更强大,¥69.00,,800+评价,苏宁自营,"新品, ,以旧换新",http://imgservice5.suning.cn/uimg1/b2c/image/OnmMdkazyfjbNQrV-DBRqA.jpg_400w_400h_4e,http://product.suning.com/0000000000/12355863241.html
品胜入耳式有线耳机3.5mm圆孔专用安卓手机3.5mm接口高音质线控笔记本通用k歌带麦降噪安卓3.5mm接口耳机 线控 带麦,¥25.00,,80+评价,锦际数码专营店,,http://imgservice2.suning.cn/uimg1/b2c/image/TRfyEq_nwk_ecBPrfuZZYQ.jpg_400w_400h_4e,http://product.suning.com/0070074931/12435589368.html
EDIFIER/漫步者Zero Air真无线蓝牙耳机降噪运动适用于华为苹果小米男女生新款 月白半入耳式 蓝牙5.3 低延迟 通话降噪 通话清晰,¥119.00,,30+评价,漫步者旗舰店,以旧换新,http://imgservice2.suning.cn/uimg1/b2c/image/7Mes3KfJRY0HLycJqn13Rw.jpg_400w_400h_4e,http://product.suning.com/0071080679/12429356619.html
联想/Lenovo 蓝牙耳机 SH1运动挂脖 黑色IPX5级防水汗 半入耳式耳塞 隔音降噪环绕5.0立体声苹果安卓通用运动挂脖磁吸收纳不缠绕,¥51.90,,100+评价,苏宁自营,"新品, ,以旧换新",http://imgservice4.suning.cn/uimg1/b2c/image/g7kHrOL-g0A7qHyd5XRzwg.jpg_400w_400h_4e,http://product.suning.com/0000000000/12381269960.html
小米Xiaomi胶囊耳机Pro有线运动入耳式 双动圈设计 频响曲线 声临其境自然纯净的声音体验，精心打造的频响曲线,¥59.00,,8评价,小米智能电器旗舰店,,http://imgservice4.suning.cn/uimg1/b2c/image/RddEx6KlPnecB-EZQ2TPng.jpg_400w_400h_4e,http://product.suning.com/0071294896/12389586685.html
EDIFIER/漫步者花再Zero Pro真无线入耳式主动降噪蓝牙耳机游戏zero buds升级款 烟粉色26h复合续航、环境监听模式、3种降噪模式、升级蓝牙V5.3、-43db深度降噪,¥229.00,,1500+评价,苏选自营,"苏宁服务, ,以旧换新",http://imgservice1.suning.cn/uimg1/b2c/image/YrNN1v6Zi5XObtNQmNYxHg.jpg_400w_400h_4e,http://product.suning.com/0010330275/12433194369.html
EDIFIER/漫步者Lolli3 ANC真无线蓝牙耳机半入耳主动降噪运动新款适用于华为苹果小米 云白色蓝牙V5.3、双设备连接、自适应音效补偿、Al通话降噪、自适应主动降噪、LDAC音频解码,¥379.00,,80+评价,漫步者旗舰店,以旧换新,http://imgservice1.suning.cn/uimg1/b2c/image/V-tJZICdDV-9Vw2mIpUiMg.jpg_400w_400h_4e,http://product.suning.com/0071080679/12432870964.html
索尼(SONY) WH-1000XM5 黑色 头戴式无线蓝牙降噪耳机 AI智能降噪XM4升级版AI降噪，Hi-Res高解析度音质，深度神经网络技术，双芯驱动快速充电 全国联保,¥2099.00,,10+评价,苏宁自营,以旧换新,http://imgservice1.suning.cn/uimg1/b2c/image/zz_ZQdahk5sBbyFNQ0ZBNg.jpg_400w_400h_4e,http://product.suning.com/0000000000/12423391438.html
小米(MI)小米双单元半入耳式耳机Type-C版 黑色 陶瓷喇叭还原本色音质半入耳式舒适佩戴，动圈+陶瓷喇叭双单元声学结构，高韧性线材+微机电麦克风线控，舒适佩戴,¥69.00,,2.6万+评价,苏宁自营,,http://imgservice2.suning.cn/uimg1/b2c/image/3JpSndksKqLoiKIws0zalA.jpg_400w_400h_4e,http://product.suning.com/0000000000/10953491816.html
漫步者(EDIFIER)W800BT Plus头戴式立体声蓝牙耳机 音乐耳机 手机耳机 通用苹果小米【全“芯”全意】高通蓝牙5.1，aptX音频解码，55h续航，舒适贴耳，一机双连！,¥179.00,,200+评价,弘达影音专营店,"以旧换新, ",http://imgservice2.suning.cn/uimg1/b2c/image/OcwG4oVK1UjnMK-Je0OucA.jpg_400w_400h_4e,http://product.suning.com/0071077022/11804682763.html
Edifier/漫步者 HECATE G2专业版游戏耳机头戴式 电竞吃鸡7.1英语听力学习耳机 黑色虚拟7.1环绕音、RGB炫彩灯效、多功能线控、拔插式麦克风、轻量化设计、50mm大单元,¥179.00,,1评价,苏选自营,苏宁服务,http://imgservice3.suning.cn/uimg1/b2c/image/apDb8aHCsxlrLUXYsxO69g.jpg_400w_400h_4e,http://product.suning.com/0010330275/11164923247.html
迪士尼/Disney正版TWS真无线气传导蓝牙耳机T20 白色 双耳款不入耳式更舒适开放式设计舒适佩戴持久续航不影响日常工作交流的全新佩戴体验,¥159.00,,10+评价,苏宁自营,以旧换新,http://imgservice5.suning.cn/uimg1/b2c/image/7mMmZrqLIUN8rjB7wFmmJA.jpg_400w_400h_4e,http://product.suning.com/0000000000/12398328395.html
拜雅(beyerdynamic)弗里奥200 无线蓝牙不入耳开放式 耳挂式OWS耳机 VERIO 200 运动跑步奶油白不入耳开放式,¥1879.20到手价,,0评价,苏宁自营," ,以旧换新",http://imgservice1.suning.cn/uimg1/b2c/atmosphere/Rk7nB1EDJL7Qck0pKshYxQ.png_400w_400h_4e,http://product.suning.com/0000000000/12434485114.html
索尼(SONY) WH-CH520 舒适高效头戴式耳机 复古百搭配色 点亮美拉德 白色复古百搭配色/ 8种预设音效 / 约50小时长效续航 / 通话降噪 / 多点连接 迅速配对,¥299.00,,5评价,苏宁自营,以旧换新,http://imgservice1.suning.cn/uimg1/b2c/image/wXeM7mnJYl9zTo6iJhqcqg.jpg_400w_400h_4e,http://product.suning.com/0000000000/12423405104.html
Lenovo/联想来酷EW305黑色无线高品质蓝牙耳机半入耳高端超长续航降噪音质超好男女持久续航高清音质,¥49.90,,60+评价,苏宁自营,"新品, ,以旧换新",http://imgservice2.suning.cn/uimg1/b2c/image/GQDah-3c8EpjnDChUDQQcg.jpg_400w_400h_4e,http://product.suning.com/0000000000/12400220946.html
JBL WAVE BEAM 真无线蓝牙音乐耳机 入耳式通话降噪 环境感知运动防水防尘通用苹果安卓手机 暗夜黑耳机入耳式通话降噪,¥329.00,,10+评价,苏宁自营,以旧换新,http://imgservice2.suning.cn/uimg1/b2c/atmosphere/kadQTujU5F-Lm2o_OZAQCw.png_400w_400h_4e,http://product.suning.com/0000000000/12428438316.html
EDIFIER/漫步者Zero Pro真无线蓝牙耳机主动降噪运动适用于华为苹果小米 雾白色26h复合续航、-43db深度降噪、3种降噪模式、环境监听模式、升级蓝牙V5.3,¥229.00,,30+评价,漫步者旗舰店,以旧换新,http://imgservice1.suning.cn/uimg1/b2c/image/xciHwq3UILFP2KbOUzDGVw.jpg_400w_400h_4e,http://product.suning.com/0071080679/12433127866.html
VIPin BT71双耳无线耳机运动蓝牙耳机5.0重低音跑步健身入耳式耳麦通用苹果小米华为oppo vivo蓝牙5.0 听歌8小时 震撼重低音,¥19.90,,1900+评价,VIPIN数码旗舰店,领券30-10,http://imgservice3.suning.cn/uimg1/b2c/image/f-O-UkyaqZ4dMZalEiyURQ.jpg_400w_400h_4e,http://product.suning.com/0070068943/12192817293.html
漫步者(EDIFIER)W820NB头戴式主动降噪蓝牙耳机 手机电脑笔记本耳机混合式主动降噪！,¥249.00,,200+评价,弘达影音专营店,以旧换新,http://imgservice3.suning.cn/uimg1/b2c/image/fCjfjIcnXrDJoHt_4A7b-w.jpg_400w_400h_4e,http://product.suning.com/0071077022/12408995122.html
EDIFIER/漫步者XS3入耳式蓝牙耳机无线降噪运动高音质x3air男女生款2023新 青绿色IP55防尘防水、26H超长续航、无缝主从切换、Al通话降噪、蓝牙V5.3、0.06S延迟,¥109.00,,100+评价,苏选自营,"苏宁服务, ,以旧换新",http://imgservice4.suning.cn/uimg1/b2c/image/jIvsmK5EmKSyb9NMvdTKew.jpg_400w_400h_4e,http://product.suning.com/0010330275/12433290082.html
飞利浦TAT2739蓝牙耳机跑步骑行真无线开放不入耳挂耳式超长续航大电量 黑色运动耳机苹果安卓通,¥139.00,,8评价,苏宁自营,以旧换新,http://imgservice5.suning.cn/uimg1/b2c/atmosphere/VquDmEbefn2El-hm0x44TQ.png_400w_400h_4e,http://product.suning.com/0000000000/12434566450.html
飞利浦(PHILIPS)蓝牙骨传导概念真无线挂耳式开放式不入耳夹式运动跑步长续航高端降噪通用苹果耳机TAT5739-白色骨传导概念真无线挂耳式,¥379.00,,0评价,荣翔数码专营店,"以旧换新, ,领券300-30",http://imgservice5.suning.cn/uimg1/b2c/image/kzhwKgMwLC9iLse7zVV34g.jpg_400w_400h_4e,http://product.suning.com/0070179238/12435442680.html
联想来酷EW313蓝牙耳机运动不入耳无线耳夹式超长待机2023新款联想来酷不入耳耳夹式蓝牙耳机,¥89.00,,6评价,苏宁自营,以旧换新,http://imgservice5.suning.cn/uimg1/b2c/image/DTPCPFrEpe0DTZHaOAL5vw.jpg_400w_400h_4e,http://product.suning.com/0000000000/12429637403.html
索尼(SONY) WH-1000XM5 头戴式无线蓝牙降噪耳机 深夜蓝色 AI智能降噪XM4升级版AI降噪，Hi-Res高解析度音质，深度神经网络技术，双芯驱动快速充电 全国联保,¥2149.00,,10+评价,苏宁自营,以旧换新,http://imgservice3.suning.cn/uimg1/b2c/image/igae9OKVIOW88KsHSmAw4w.jpg_400w_400h_4e,http://product.suning.com/0000000000/12423397627.html
韶音(SHOKZ)OpenSwim Pro骨传导蓝牙耳机 开放式运动无线游泳跑步骑行不入耳S710 珊瑚海骨传导蓝牙耳机,¥1168.20到手价,,3评价,苏宁自营," ,以旧换新, ,6期免息",http://imgservice1.suning.cn/uimg1/b2c/atmosphere/x_-JGXu8TE3kfsh-cWWgVQ.png_400w_400h_4e,http://product.suning.com/0000000000/12431719014.html
Lenovo/联想 TH10头戴蓝牙耳机 黑色可连电脑台式机笔记本专用手机电视通用电竞游戏带麦隔音降噪有线耳麦男款学生支持有线无线2用,¥103.90,,100+评价,苏宁自营,以旧换新,http://imgservice5.suning.cn/uimg1/b2c/image/4tqx8s5UgRq-I0h-49M67w.jpg_400w_400h_4e,http://product.suning.com/0000000000/12355863244.html
新品Bose QuietComfort无线消噪蓝牙头戴式降噪耳机明星同款-黑色明星同款2023新品,¥1619.10到手价,,1600+评价,苏宁自营," ,以旧换新",http://imgservice1.suning.cn/uimg1/b2c/image/1eT1OVvTxXL64xBkKqpiMg.jpg_400w_400h_4e,http://product.suning.com/0000000000/12422003138.html
EDIFIER/漫步者X200BT 蓝牙耳机挂脖式运动跑步颈挂真无线入耳降噪适用于华为苹果小米 幻影灰20小时长续航、0.05s游戏低延、蓝牙V5.3、Al通话降噪、支持双设备连接,¥98.00,,6评价,漫步者旗舰店,以旧换新,http://imgservice1.suning.cn/uimg1/b2c/image/7MwYOf7gMit8Eu6T6ozgWA.jpg_400w_400h_4e,http://product.suning.com/0071080679/12433125109.html
联想LP40 pro真无线蓝牙耳机高清降噪通话游戏IOS安卓手机通用2023联想高清降噪通话,¥88.00,,0评价,苏宁自营,以旧换新,http://imgservice3.suning.cn/uimg1/b2c/image/TUQd0fhmvYi5L1jrQr3z4g.jpg_400w_400h_4e,http://product.suning.com/0000000000/12430257533.html
Lenovo/联想TH10 黑色蓝牙耳机头戴式耳机无线笔记本电脑专用运动降噪耳麦超长待机游戏/学习/影音娱乐多场景适用,¥109.00,,10+评价,苏宁自营,以旧换新,http://imgservice3.suning.cn/uimg1/b2c/image/_Hcq4fzCDzH1vMxWabsx2Q.jpg_400w_400h_4e,http://product.suning.com/0000000000/12400215173.html
EDIFIER/漫步者AIR X无线蓝牙耳机半入耳式游戏运动降噪2024新款适用小米华为苹果 暮灰色Al通话降噪、专业EQ调音、游戏低延迟、28h复合续航、IP54级防尘防水、蓝牙V5.4,¥129.00,,30+评价,漫步者旗舰店,"新品, ,以旧换新",http://imgservice1.suning.cn/uimg1/b2c/image/D1vi9xyf0uuFEyqphiEVPw.jpg_400w_400h_4e,http://product.suning.com/0071080679/12434782945.html
联想/Lenovo蓝牙耳机 LP40升级版黑色 TWS真无线游戏影音乐耳塞半入耳式 适用于苹果安卓华为小米手机LP40升级版更强大,¥69.00,,800+评价,苏宁自营,"新品, ,以旧换新",http://imgservice1.suning.cn/uimg1/b2c/image/1ImYSGstK0QAQxGHOFyggQ.jpg_400w_400h_4e,http://product.suning.com/0000000000/12355863219.html
索爱(soaiy) SS-1蓝牙耳机入耳式真无线高音质降噪睡眠专用长续航久戴不痛佩戴舒适，通话降噪，蓝牙5.4,¥89.00,,,爱立顺数码专营店,"新品, ,以旧换新, ",http://imgservice4.suning.cn/uimg1/b2c/image/Beg4Zn8hMd8l6WRSAZT9OQ.jpg_400w_400h_4e,http://product.suning.com/0070066320/12436473374.html
华为(HUAWEI)FreeBuds5i真无线蓝牙耳机入耳式主动降噪 手机通话音乐 运动跑步 双麦克风 充电盒长续航圆润灵动外观；Hi-Res高解析音质；多模式降噪；智慧音频连接；游戏低延迟；长续航。,¥358.00,,400+评价,荣耀派思德数码专营店,"以旧换新, ",http://uimgproxy.suning.cn/uimg1/sop/commodity/a2mEEO3RQlqnfYjRqVODIA.jpg_400w_400h_4e,http://product.suning.com/0070163444/12301144681.html
Bang&Olufsen(B&O) Beoplay EX 全新上市 自适应主动降噪第五代真无线蓝牙耳机 无线充电无线蓝牙 主动降噪,¥2288.00,,200+评价,苏宁自营,"以旧换新, ,6期免息",http://imgservice3.suning.cn/uimg1/b2c/atmosphere/A7gzXrYTWZ10GJVaW-dfsw.png_400w_400h_4e,http://product.suning.com/0000000000/12377936382.html
EDIFIER/漫步者artbuds1国风潮蓝牙耳机白色降噪半入耳式2022年新款正品重力牛勿联名x2适用于华为苹果等重力牛勿联名款 轻量半入耳 低延迟游戏模式 28H续航 国风耳机,¥169.00,,900+评价,苏选自营,"苏宁服务, ,以旧换新",http://imgservice2.suning.cn/uimg1/b2c/image/pOKuZzuudxsL_H_dO8CcmA.jpg_400w_400h_4e,http://product.suning.com/0010330275/12381649509.html
ZNNCO Pro6蓝牙耳机适用小米蓝牙耳机真无线红米k40s/k50半入耳式12/11pro/10/Note9/8开盖即连+ 方便携带+无感延迟,¥51.90,,10+评价,苏宁自营,以旧换新,http://imgservice3.suning.cn/uimg1/b2c/image/9mG2dMuRpjoNtRS9zQqCWw.jpg_400w_400h_4e,http://product.suning.com/0000000000/12417708957.html
迪士尼/Disney正版TWS真无线气传导蓝牙耳机T20 黑色 双耳款不入耳式更舒适开放式设计舒适佩戴持久续航不影响日常工作交流的全新佩戴体验,¥159.00,,10+评价,苏宁自营,以旧换新,http://imgservice4.suning.cn/uimg1/b2c/image/C4coX-dUJnICu0vGEFJ94g.jpg_400w_400h_4e,http://product.suning.com/0000000000/12398295803.html
联想/Lenovo蓝牙耳机 LP5白色 TWS真无线游戏影音乐耳塞入耳式 适用于苹果安卓华为小米手机男女通用款流线型美学设计更高颜值更舒适的佩戴体验,¥103.90,,600+评价,苏宁自营,"新品, ,以旧换新",http://imgservice4.suning.cn/uimg1/b2c/image/Etp8wgwfbvDi-gEfMwVd7g.jpg_400w_400h_4e,http://product.suning.com/0000000000/12381269963.html
EDIFIER/漫步者H180PlusType-C版半入耳式手机通话音乐在线会议简便线控有线耳机Hi-Res金标认证Hi-Res金标 APP功能拓展 复合振膜 个性化EQ模式 高清通话 简便线控,¥69.00,,0评价,漫步者旗舰店,,http://imgservice5.suning.cn/uimg1/b2c/image/xznxgmCYuQI08ps0LJ9MQA.jpg_400w_400h_4e,http://product.suning.com/0071080679/12410430196.html
EDIFIER/漫步者 HECATE GM45真无线耳机游戏电竞吃鸡专用蓝牙耳机 适用于安卓苹果4.5+18超长续航 游戏LED 游戏双模式,¥199.00,,60+评价,漫步者旗舰店,以旧换新,http://imgservice1.suning.cn/uimg1/b2c/image/U2BCsQY_gAWuo0Kp8PHVyQ.jpg_400w_400h_4e,http://product.suning.com/0071080679/12189115914.html
联想/Lenovo 蓝牙耳机 SH1运动挂脖 蓝色IPX5级防水汗 半入耳式耳塞 隔音降噪环绕5.0立体声苹果安卓通用半入耳挂脖运动设计,¥51.90,,100+评价,苏宁自营,"新品, ,以旧换新",http://imgservice4.suning.cn/uimg1/b2c/image/nG2dTREt0GX3peUCelPkaA.jpg_400w_400h_4e,http://product.suning.com/0000000000/12381269953.html
EDIFIER/漫步者 x2无线蓝牙耳机降噪运动半入耳式游戏2021年新款超长续航适用于手机华为苹果小米 黑色 黑色主从切换 28H续航 IP54级防尘防水,¥99.00,,20+评价,苏选自营,,http://imgservice4.suning.cn/uimg1/b2c/image/HOtZzsghiBFtR5GBUBIeCg.jpg_400w_400h_4e,http://product.suning.com/0010330275/12353681558.html
EDIFIER/漫步者H180plus半入耳式手机电脑通话音乐耳机简便线控无感佩戴高性价比线控耳机通用白色 白色轻巧舒适，无感佩戴，简便线控，自如掌握，优质线材，长久陪伴,¥49.00,,10+评价,苏选自营,,http://imgservice2.suning.cn/uimg1/b2c/image/db7nmoTfcSXS60t71x69kw.png_400w_400h_4e,http://product.suning.com/0010330275/12354455395.html
B&O beoplay H95 头戴式蓝牙无线耳机 主动降噪音乐耳麦包耳式游戏耳机 Lunar Red 霓裳红 新年款动感声学 平衡掌握,¥5888.00,,8评价,苏宁自营,"以旧换新, ,6期免息",http://imgservice1.suning.cn/uimg1/b2c/atmosphere/oGd4c3ToBaPy128LvzFdyQ.png_400w_400h_4e,http://product.suning.com/0000000000/12403927294.html
韶音(SHOKZ)OpenMove 骨传导蓝牙耳机运动耳机开放式耳机 跑步骑行不入耳性价比 安卓苹果系统通神秘灰骨传导蓝牙耳机,¥595.00,,10+评价,苏宁自营,"以旧换新, ,6期免息",http://imgservice2.suning.cn/uimg1/b2c/atmosphere/OqWIIVxPRs4oINlS23tJag.png_400w_400h_4e,http://product.suning.com/0000000000/12427073389.html
真无线蓝牙耳机运动2024年新款降噪高音质入耳式大电量游戏男生士品质保证,¥53.90到手价,,10+评价,惠购百货旗舰店,"满1件打9.8折, ,以旧换新",http://imgservice1.suning.cn/uimg1/b2c/image/kSY-LUNZTOvjanLb1dPArA.jpg_400w_400h_4e,http://product.suning.com/0071573787/12429283209.html
索尼(SONY) WH-CH720N 头戴式降噪耳机无线蓝牙立体声效 白色立体声效 长效续航 快速充电 超轻设计,¥659.00,,20+评价,苏宁自营,以旧换新,http://imgservice2.suning.cn/uimg1/b2c/image/qIpnMm2eZavGihlCZvSZ4w.jpg_400w_400h_4e,http://product.suning.com/0000000000/12405007426.html
联想/Lenovo 蓝牙耳机 LP40白色 TWS真无线 游戏影音通用音乐耳塞 半入耳式 适用于苹果安卓华为小米手机半入耳式设计兼顾音质与舒适,¥71.90,,600+评价,苏宁自营,"新品, ,以旧换新",http://imgservice4.suning.cn/uimg1/b2c/image/gbTB_dy-fh-OFlBFocTzOA.jpg_400w_400h_4e,http://product.suning.com/0000000000/12381269924.html
EDIFIER/漫步者 W800BT FREE 降噪版蓝牙耳机头戴式无线运动游戏电竞高音质W820NB 云白色-44dB多场景深度降噪、新一代蓝牙V5.4、0.06S低延时游戏模式、双设备畅快稳连,¥249.00到手价,,3评价,苏选自营,"苏宁服务, ,满200-20, ,以旧换新",http://imgservice4.suning.cn/uimg1/b2c/image/xRWBaOcpZQjqPhE4gbBl4Q.jpg_400w_400h_4e,http://product.suning.com/0010330275/12433217658.html
FIIL GS Lite舒适高音质开放式无线蓝牙耳机骨传导升级空气传导运动跑步挂耳适用苹果华为小米 玄霜黑骨传导升级空气,¥279.00,,5评价,苏宁自营,以旧换新,http://imgservice3.suning.cn/uimg1/b2c/atmosphere/iybeNsbmx0JwUCo5IoUiGw.png_400w_400h_4e,http://product.suning.com/0000000000/12434493875.html
铂典G60蓝牙无线耳机入耳式降噪运动高品质游戏电竞适用华为苹果蓝牙版本：V5.2 电池容量：200mAh 充电时长：1小时 播放时长：20小时,¥79.00,,3评价,苏宁自营,以旧换新,http://imgservice3.suning.cn/uimg1/b2c/image/GiBrFL_CsZ1TEwKAfjb6qg.jpg_400w_400h_4e,http://product.suning.com/0000000000/12410045817.html
飞利浦(PHILIPS)蓝牙耳机骨传导概念真无线挂耳式开放式不入耳夹式运动跑步长续航高端降噪通用苹果华为AT2708-白运动耳机苹果安卓通,¥119.00,,4评价,苏宁自营,以旧换新,http://imgservice5.suning.cn/uimg1/b2c/atmosphere/EkUe5yqVAp7wAj0f_GoB8Q.png_400w_400h_4e,http://product.suning.com/0000000000/12434566451.html
飞利浦TAT2739蓝牙耳机跑步骑行真无线开放不入耳挂耳式超长续航大电量 白色运动耳机苹果安卓通,¥139.00,,8评价,苏宁自营,以旧换新,http://imgservice5.suning.cn/uimg1/b2c/atmosphere/sAhwGzP5-4FxNr3-3JTViw.png_400w_400h_4e,http://product.suning.com/0000000000/12434566449.html
无线耳机蓝牙2024新款运动跑步专用气骨传导挂耳式不入耳久戴不痛品质保证 经久耐用,¥34.00,,0评价,慧莉旗舰店,以旧换新,http://imgservice3.suning.cn/uimg1/b2c/image/bf3fVi2rxfXPPQxu11URoA.jpg_400w_400h_4e,http://product.suning.com/0071589700/12437714582.html
cleer任贤齐代言ARCII骨传导升级不入耳开放式夹耳智能耳机无线蓝牙耳机开车挂耳式适用苹果华为新年礼 天鹅白无线蓝牙耳机,¥999.00,,10+评价,苏宁自营,"以旧换新, ,6期免息",http://imgservice3.suning.cn/uimg1/b2c/atmosphere/v22XS9HEPL28JnElgOXY6Q.png_400w_400h_4e,http://product.suning.com/0000000000/12427035908.html
骨传导蓝牙耳机2023新款无线跑步降噪挂耳式超长待机适用苹果华为品质保证 经久耐用,¥31.00,,10+评价,慧莉智能家居旗舰店,以旧换新,http://imgservice1.suning.cn/uimg1/b2c/image/TtjRjlEaqVDtNh1eBT1NEg.jpg_400w_400h_4e,http://product.suning.com/0071590521/12432919335.html
EDIFIER/漫步者 W200BT FREE无线蓝牙耳机颈挂脖式运动降噪入耳运动男女 白色高通蓝牙5.1芯片，13小时续航，动感低频，磁吸收纳，第8代降噪，IP54级防水,¥119.00,,6评价,漫步者旗舰店,以旧换新,http://imgservice4.suning.cn/uimg1/b2c/image/XCWCaDk7C3cnv4Vld7isBQ.jpg_400w_400h_4e,http://product.suning.com/0071080679/12395307574.html
小米Redmi Buds 4 青春版 子夜黑 真无线蓝牙耳机半入耳通话降噪20H长续航半入耳设计 ｜ 12mm 动圈单元｜20H长续航,¥139.00,,10+评价,苏选自营,"苏宁服务, ,以旧换新",http://imgservice4.suning.cn/uimg1/b2c/image/rYCMo7uv7B8YW0GSDodAwQ.jpg_400w_400h_4e,http://product.suning.com/0010333972/12406840199.html
JBL T770NC无线蓝牙降噪耳机 头戴式主动降噪游戏耳机 70小时续航暗夜黑头戴式主动降噪,¥496.00,,5评价,苏宁自营,"以旧换新, ,6期免息",http://imgservice1.suning.cn/uimg1/b2c/atmosphere/ct4gE6qi1TE2u9-zeRAh5Q.png_400w_400h_4e,http://product.suning.com/0000000000/12426054759.html
EDIFIER/漫步者花再EVO Air真无线蓝牙耳机降噪通话半入耳运动舒适不痛耳2024新款适用于华为苹果小米 贝母白全新蓝牙5.4、IP54级防尘防水、EQ个性音效、智能通话降噪、闪电快充、32小时长续航,¥159.00到手价,,10+评价,苏选自营,"苏宁服务, ,满100-10, ,以旧换新",http://imgservice1.suning.cn/uimg1/b2c/image/OKJINzedFnqascrpIc25Eg.jpg_400w_400h_4e,http://product.suning.com/0010330275/12433461858.html
EDIFIER/漫步者Zero Pro真无线蓝牙耳机主动降噪运动适用于华为苹果小米 暮灰色26h复合续航、-43db深度降噪、3种降噪模式、环境监听模式、升级蓝牙V5.3,¥229.00,,30+评价,漫步者旗舰店,以旧换新,http://imgservice4.suning.cn/uimg1/b2c/image/AqMGM69R-s5iEfAYAW0pRw.jpg_400w_400h_4e,http://product.suning.com/0071080679/12433128839.html
联想(Lenovo)TH30有线头戴式耳机USB带麦克风耳机办公游戏 3.5接口黑色头戴式耳机有线耳机 吃鸡耳机,¥99.00,,3评价,永盛电脑专营店,,http://imgservice3.suning.cn/uimg1/b2c/image/aJM-t6YL6yejHBl-RA9j7A.jpg_400w_400h_4e,http://product.suning.com/0070175526/12425577370.html
SHOKZ韶音OpenFit开放式蓝牙耳机不入耳运动跑步户外长续航通话降噪耳机舒适圈T910 暖日白开放式不入耳，舒适无线蓝牙耳机,¥1298.00,,0评价,苏宁自营,以旧换新,http://imgservice5.suning.cn/uimg1/b2c/image/BFpmrEw175Gxxksn_osd9A.jpg_400w_400h_4e,http://product.suning.com/0000000000/12434104606.html
小米活塞耳机基础版 银色 手机耳机【苏宁自营】铝合金音腔，扁线易收纳，金属复合振膜,¥29.30,,8900+评价,苏宁自营,,http://imgservice5.suning.cn/uimg1/b2c/image/52tepa4RPPg7cn41IprJgw.jpg_400w_400h_4e,http://product.suning.com/0000000000/149315136.html
VIPin F900蓝牙耳机无线耳机挂耳式商务耳机超长待机来电报号通用苹果安卓oppo vivo小米华为手机 黑单耳商务耳机 超长待机 来电报号,¥79.00,,8200+评价,VIPIN数码旗舰店,"以旧换新, ,领券30-10, ",http://imgservice3.suning.cn/uimg1/b2c/image/ZL0NvkB-vZ9Fzb4_wGtgIQ.jpg_400w_400h_4e,http://product.suning.com/0070068943/11082721809.html
EDIFIER/漫步者花再Zero Air真无线蓝牙耳机游戏音乐学生降噪2023新款 暮灰色3.2g轻巧半入耳、专利音腔结构、背向倒声架构、游戏低延时、28h持久续航、蓝牙V5.3,¥109.00,,1500+评价,苏选自营,"苏宁服务, ,以旧换新",http://imgservice1.suning.cn/uimg1/b2c/image/J4gedwGFmBv5Slgr-h_1JQ.jpg_400w_400h_4e,http://product.suning.com/0010330275/12433002645.html
cleer郎朗推荐ARC3代不入耳开放式杜比声空间音频AI智能无线蓝牙运动耳机挂耳骨传导升级骑行适用华为 粉色IPX7级防水级产品；全能充电仓AI体感操控；紫外线杀菌舒适使用；,¥1399.00,,5评价,苏宁自营,以旧换新,http://imgservice5.suning.cn/uimg1/b2c/image/QJqaxTb8bvVnP68EUdAgyw.jpg_400w_400h_4e,http://product.suning.com/0000000000/12434123908.html
BEATS powerbeats 3 入耳式无线耳机 十周年纪念版 桀骜黑红Beats Powerbeats3 十周年纪念版桀骜黑红 12小时电池续航 抗汗防水溅 舒适无止境,¥450.00到手价,,40+评价,苏宁自营,"苏宁国际 直营, ,满1件打3折, ,以旧换新, ,包税",http://imgservice5.suning.cn/uimg1/b2c/image/pxpC1jC2GIw9xrpzGt6U-w.png_400w_400h_4e,http://product.suning.com/0000000000/10679341584.html
EDIFIER/漫步者AIR X无线蓝牙耳机半入耳式游戏运动降噪2024新款适用小米华为苹果 晴蓝色Al通话降噪、专业EQ调音、游戏低延迟、28h复合续航、IP54级防尘防水、蓝牙V5.4,¥129.00,,30+评价,漫步者旗舰店,"新品, ,以旧换新",http://imgservice1.suning.cn/uimg1/b2c/image/Hj_M03YtQ2PtlcKEG1PSqQ.jpg_400w_400h_4e,http://product.suning.com/0071080679/12434782957.html
EDIFIER/漫步者花再Air+颈挂式蓝牙通话降噪运动跑步防尘防水空气耳翼结构耳机 氧气粉空气耳翼结构专利 10mm大动圈镀钛振膜 高清音频编解码 高通蓝牙芯片 18H持久续航,¥158.00到手价,,200+评价,苏选自营,"苏宁服务, ,满100-10, ,以旧换新",http://imgservice2.suning.cn/uimg1/b2c/image/aatA3fQ7nWVPM3Y4Gsif5Q.jpg_400w_400h_4e,http://product.suning.com/0010330275/12409437758.html
华为原装经典耳机CM33 Type-C接口 Mate30/20 p40/30pro nova7/6 荣耀30 V10通用华为Type-C耳机 Mate30/20 p40/30pro nova7/6 荣耀30等,¥56.00,,1000+评价,视界风尚数码专营店,,http://imgservice3.suning.cn/uimg1/b2c/image/vWTAInxq1DT7VRYDaNe3Yg.jpg_400w_400h_4e,http://product.suning.com/0070086324/151220186.html
小天才外耳佩戴E5月影白 学生耳机 无线蓝牙儿童耳机 学生网课学习耳机 可通话耳机 音量控制生活防水 耳夹式佩戴 音量控制,¥399.00,,2评价,小天才品牌旗舰店,以旧换新,http://imgservice2.suning.cn/uimg1/b2c/image/IjRuKyvy9Zo9HsX_Be0cAQ.jpg_400w_400h_4e,http://product.suning.com/0070106202/12427727499.html
EDIFIER/漫步者X2 PLUS真无线蓝牙耳机半入耳式降噪长续航运动游戏男女士 白色28小时长续航、蓝牙V5.3、Al通话降噪、0.06s低延迟、APP多功能拓展、防丢定位,¥99.00,,900+评价,苏选自营,"苏宁服务, ,以旧换新",http://imgservice3.suning.cn/uimg1/b2c/image/K3CU7gSVUZ9OFLYQBND_ug.jpg_400w_400h_4e,http://product.suning.com/0010330275/12432983615.html
EDIFIER/漫步者USB K810电脑耳机带麦头戴式网课学习英语听力隔音听说耳机 黑色外置声卡 单向麦克风 热款低价,¥129.00,,20+评价,漫步者旗舰店,,http://imgservice3.suning.cn/uimg1/b2c/image/kfIq-MIxfgU7FVp-8O0l9A.jpg_400w_400h_4e,http://product.suning.com/0071080679/12267266114.html
联想HT106 网课电脑耳机 黑灰色 头戴线式耳麦 游戏办公教育网课麦克风话筒音乐 台式电脑笔记本耳麦通用清晰通话，佩戴舒适轻便，学习游戏，电脑通用,¥49.00,,10+评价,苏宁自营,,http://imgservice2.suning.cn/uimg1/b2c/image/VIFjTI5HiTGrLi7Yfmt3fw.jpg_400w_400h_4e,http://product.suning.com/0000000000/12408109887.html
漫步者(EDIFIER)W3 漫威定制版 真无线蓝牙耳机 迷你入耳式耳机 通用苹果小米手机漫威正版授权，高通蓝牙5.0，aptx音频解码，IPX5级防水，8+24小时超,¥197.00,,30+评价,弘达影音专营店,"以旧换新, ",http://imgservice5.suning.cn/uimg1/b2c/image/fxx4dG5nqmtEXXOeG3QbZQ.jpg_400w_400h_4e,http://product.suning.com/0071077022/11802577176.html
JBL TUNE 520BT 蓝牙耳机 头戴式 音乐游戏运动耳机 便携折叠 通话降噪麦克风TUNE510BT白色通话降噪麦克风,¥239.00,,1评价,苏宁自营,"以旧换新, ,6期免息",http://imgservice1.suning.cn/uimg1/b2c/atmosphere/xn8HuNxe4XIJG0bBrZ--Hg.png_400w_400h_4e,http://product.suning.com/0000000000/12433661665.html
EDIFIER/漫步者X Fit 蓝牙耳机挂耳式气传导不入耳开放式运动跑步专用高音质 镜黑色防漏音结构、40小时强劲续航、P55防尘防水、游戏低延模式、开放式不堵耳、动态低频增强,¥399.00到手价,,0评价,苏选自营,"苏宁服务, ,满400-30, ,以旧换新",http://imgservice5.suning.cn/uimg1/b2c/image/fJOhCNTx_2vPlMOERYghGg.jpg_400w_400h_4e,http://product.suning.com/0010330275/12433998432.html
联想(Lenovo)蓝牙耳机 X1运动挂脖 红色IPX5级防水汗 入耳式蓝牙5.0耳塞 隔音降噪环绕立体声好音质持久续航轻盈舒适,¥69.00,,20+评价,苏宁自营,以旧换新,http://imgservice3.suning.cn/uimg1/b2c/image/m9pGNlO7xhwg98b-9omf5Q.jpg_400w_400h_4e,http://product.suning.com/0000000000/12279556653.html
EDIFIER/漫步者花再EVO Air真无线蓝牙耳机降噪通话半入耳运动舒适不痛耳2024新款适用于华为苹果小米 迷雾粉全新蓝牙5.4、IP54级防尘防水、EQ个性音效、智能通话降噪、闪电快充、32小时长续航,¥159.00到手价,,10+评价,苏选自营,"苏宁服务, ,满100-10, ,以旧换新",http://imgservice3.suning.cn/uimg1/b2c/image/XaFeBQkTLOp1-iPvDiTqQA.jpg_400w_400h_4e,http://product.suning.com/0010330275/12433462116.html
EDIFIER/漫步者 X3 AIR 入耳式蓝牙耳机无线降噪运动高音质男女生款2023新款X3PLUS升级款 雅灰色Al通话降噪、0.06s延时、IP55防尘防水、主从切换、蓝牙V5.3、APP自定义玩法,¥99.00,,900+评价,苏选自营,"苏宁服务, ,以旧换新",http://imgservice3.suning.cn/uimg1/b2c/image/9Z1kjFsWVZyN90eTDCEkIw.jpg_400w_400h_4e,http://product.suning.com/0010330275/12432983361.html
小米Redmi Buds 4 青春版 晴雪白 真无线蓝牙耳机半入耳通话降噪20H长续航半入耳设计 ｜ 12mm 动圈单元｜20H长续航,¥139.00,,10+评价,苏选自营,"苏宁服务, ,以旧换新",http://imgservice4.suning.cn/uimg1/b2c/image/0a9_iCtVKzsqBwzBg_KksQ.jpg_400w_400h_4e,http://product.suning.com/0010333972/12406840197.html
联想(Lenovo)蓝牙耳机 HE05XⅡ运动挂脖 蓝色IPX5级防水汗 入耳式蓝牙5.0耳塞 隔音降噪环绕立体声好音质经典新升级，磁吸设计，回弹项圈，无感佩戴,¥48.00,,60+评价,苏宁自营,"新品, ,以旧换新",http://imgservice2.suning.cn/uimg1/b2c/image/ih-vrNl0cO4OCwU4APJzNw.jpg_400w_400h_4e,http://product.suning.com/0000000000/12395725026.html
漫步者(EDIFIER)H180Plus 半入耳式有线耳机 Type-c接口 Hi-Res金标认证 支持APP 白色新品上架,¥68.00,,200+评价,弘达影音专营店,,http://imgservice5.suning.cn/uimg1/b2c/image/KmvZj8zcSG1qGTHQmhkfIg.jpg_400w_400h_4e,http://product.suning.com/0071077022/12380771045.html
